UserID,Gender,RepetitionNo,TargetNo,FingerZ,VelocityZ,VelocityXY,VelocityOverall,PersonalizedMeanFingerZ,FingerZAdjustedByUser,PeakVelocityOverall,PeakVelocityXY,PeakVelocityZ,Peak-ValleyVelocityDifference
1,M,1,1,44.653477,1.148097,21.539372,22.687468,51.890144983871,-7.236667984,24.990505,7.264308,17.726198,16.578101
1,M,1,2,46.884136,0.976195,5.419329,6.395524,51.890144983871,-5.006008984,82.704003,30.910447,51.793556,50.817361
1,M,1,3,49.822132,0.669578,1.527863,2.197441,51.890144983871,-2.068012984,45.504758,9.197253,36.307505,35.637927
1,M,1,4,54.898273,0.035808,8.54441,8.580218,51.890144983871,3.0081280161,52.972259,12.288793,40.683466,40.647658
1,M,1,5,28.805359,12.754779,6.947463,19.702242,51.890144983871,-23.08478598,80.843929,23.667193,57.176736,44.421957
1,M,1,6,35.374191,2.994353,11.872369,14.866722,51.890144983871,-16.51595398,73.137618,23.461941,49.675678,46.681325
1,M,1,7,48.306141,1.703257,7.107671,8.810928,51.890144983871,-3.584003984,70.477625,23.085049,47.392576,45.689319
1,M,1,8,47.979053,0.512041,10.334487,10.846528,51.890144983871,-3.911091984,523.152,202.304333,320.847667,320.335626
1,M,1,9,50.696636,0.45561,1.26911,1.724721,51.890144983871,-1.193508984,175.441965,58.217937,117.224029,116.768419
1,M,1,10,69.382172,15.622553,28.19602,43.818573,51.890144983871,17.492027016,415.663266,90.749188,324.914078,309.291525
1,M,1,11,47.866749,2.320166,13.033975,15.354141,51.890144983871,-4.023395984,426.191588,67.273056,358.918532,356.598366
1,M,1,12,87.047623,8.81369,10.359268,19.172958,51.890144983871,35.157478016,370.779517,107.573168,263.206348,254.392658
1,M,1,13,51.845158,1.563315,10.044342,11.607658,51.890144983871,-0.044986984,234.330321,56.311606,178.018715,176.4554
1,M,1,14,45.668346,2.505053,5.588666,8.093719,51.890144983871,-6.221798984,81.942943,28.56736,53.375583,50.87053
1,M,1,15,54.463444,9.93675,5.346071,15.282822,51.890144983871,2.5732990161,21.931519,7.45225,14.47927,4.54252
1,M,1,16,46.016827,0.02261,4.852757,4.875368,51.890144983871,-5.873317984,293.735697,102.843104,190.892593,190.869983
1,M,2,1,48.614246,2.261989,0.671871,2.93386,51.890144983871,-3.275898984,201.183906,124.41991,76.763996,74.502007
1,M,2,2,46.384212,3.529204,3.461132,6.990336,51.890144983871,-5.505932984,44.432843,14.885846,29.546997,26.017793
1,M,2,3,50.000599,0.165556,8.783352,8.948909,51.890144983871,-1.889545984,75.540903,16.398968,59.141935,58.976379
1,M,2,4,59.182079,1.058338,5.760748,6.819086,51.890144983871,7.2919340161,536.941693,145.446096,391.495597,390.437259
1,M,2,5,51.921261,2.154511,8.281619,10.436131,51.890144983871,0.0311160161,553.933931,181.854877,372.079054,369.924543
1,M,2,6,36.169704,1.454678,3.50015,4.954828,51.890144983871,-15.72044098,177.852004,76.311015,101.540989,100.086311
1,M,2,7,49.674839,2.303939,3.796005,6.099944,51.890144983871,-2.215305984,61.42326,24.027878,37.395383,35.091444
1,M,2,8,59.497021,5.361717,22.393373,27.75509,51.890144983871,7.6068760161,68.660107,23.521553,45.138554,39.776837
1,M,2,9,42.17577,0.315289,11.945464,12.260753,51.890144983871,-9.714374984,154.263166,48.948724,105.314442,104.999153
1,M,2,10,35.344437,7.216221,22.969136,30.185357,51.890144983871,-16.54570798,78.019018,26.414844,51.604175,44.387954
1,M,2,11,44.865604,3.967623,1.451444,5.419067,51.890144983871,-7.024540984,347.1184,243.934026,103.184374,99.216751
1,M,2,12,54.746548,1.328915,4.711671,6.040586,51.890144983871,2.8564030161,65.341457,16.816131,48.525327,47.196412
1,M,2,13,68.660141,1.983103,10.059504,12.042607,51.890144983871,16.769996016,39.912553,13.961114,25.951439,23.968336
1,M,2,14,65.427673,2.653442,2.972026,5.625467,51.890144983871,13.537528016,51.650204,23.87776,27.772444,25.119002
1,M,2,15,54.596371,0.872996,4.095872,4.968869,51.890144983871,2.7062260161,252.790794,66.121592,186.669202,185.796206
1,M,2,16,69.708649,22.324371,7.909265,30.233636,51.890144983871,17.818504016,167.321068,46.423456,120.897612,98.573241
1,M,3,1,61.443714,1.160393,12.74491,13.905303,51.890144983871,9.5535690161,393.417263,108.689443,284.72782,283.567427
1,M,3,2,61.410976,1.235044,11.904401,13.139445,51.890144983871,9.5208310161,33.742018,13.841411,19.900608,18.665564
1,M,3,3,37.514408,5.77723,1.208496,6.985726,51.890144983871,-14.37573698,470.026068,134.194958,335.83111,330.05388
1,M,3,4,44.583858,1.070925,15.454036,16.524962,51.890144983871,-7.306286984,306.553698,138.463972,168.089726,167.018801
1,M,3,5,46.929501,14.44387,6.346152,20.790022,51.890144983871,-4.960643984,162.924152,54.474672,108.44948,94.00561
1,M,3,6,51.774532,1.976145,11.406335,13.38248,51.890144983871,-0.115612984,77.274206,32.257464,45.016742,43.040597
1,M,3,7,57.247913,1.503259,5.932731,7.43599,51.890144983871,5.3577680161,141.185285,50.739018,90.446267,88.943008
1,M,3,8,42.559826,9.713389,3.208774,12.922163,51.890144983871,-9.330318984,45.838268,13.419281,32.418988,22.705599
1,M,3,9,36.446205,6.371566,6.664495,13.036061,51.890144983871,-15.44393998,623.643141,261.696712,361.946429,355.574863
1,M,3,10,70.707413,3.789462,19.16697,22.956433,51.890144983871,18.817268016,272.088149,192.97993,79.108219,75.318757
1,M,3,11,37.572124,1.239259,19.293866,20.533125,51.890144983871,-14.31802098,1321.89934,1048.05133,273.848013,272.608754
1,M,3,12,50.867504,5.003709,5.175766,10.179474,51.890144983871,-1.022640984,494.793741,288.305299,206.488442,201.484733
1,M,3,13,49.616291,1.321113,9.340705,10.661817,51.890144983871,-2.273853984,148.552246,51.005235,97.54701,96.225897
1,M,3,14,54.333645,1.559267,3.33834,4.897607,51.890144983871,2.4435000161,53.57124,12.498621,41.07262,39.513353
1,M,3,15,57.873264,9.53131,8.547076,18.078385,51.890144983871,5.9831190161,91.545179,25.319128,66.226051,56.694741
1,M,3,16,54.881474,0.252773,10.994671,11.247444,51.890144983871,2.9913290161,303.397409,95.223873,208.173536,207.920763
1,M,4,1,54.992702,2.951647,8.217008,11.168655,51.890144983871,3.1025570161,61.974539,25.60324,36.371299,33.419652
1,M,4,2,41.043339,7.017187,22.211925,29.229113,51.890144983871,-10.84680598,65.33541,23.755234,41.580176,34.562989
1,M,4,3,74.770966,2.071773,8.057869,10.129642,51.890144983871,22.880821016,140.409962,48.164574,92.245388,90.173615
1,M,4,4,52.068874,0.732689,4.704258,5.436948,51.890144983871,0.1787290161,599.594479,188.801955,410.792525,410.059836
1,M,4,6,37.858494,7.250578,22.547219,29.797796,51.890144983871,-14.03165098,176.61697,55.800772,120.816198,113.56562
1,M,4,7,52.087391,0.040977,19.353797,19.394773,51.890144983871,0.1972460161,508.450527,111.295257,397.155269,397.114292
1,M,4,8,54.788578,0.664593,38.167946,38.832539,51.890144983871,2.8984330161,380.40955,286.708687,93.700863,93.03627
1,M,4,9,41.082211,4.232685,18.421688,22.654373,51.890144983871,-10.80793398,438.96955,389.818016,49.151534,44.918849
1,M,4,10,49.870296,0.681838,15.207679,15.889517,51.890144983871,-2.019848984,329.629513,211.846993,117.78252,117.100682
1,M,4,11,53.843159,15.401974,6.756523,22.158497,51.890144983871,1.9530140161,83.441499,40.045448,43.396051,27.994077
1,M,4,12,65.443542,0.247715,17.081331,17.329046,51.890144983871,13.553397016,327.622258,76.548849,251.073409,250.825694
1,M,4,13,71.643188,0.206749,3.533087,3.739835,51.890144983871,19.753043016,202.650735,70.587968,132.062767,131.856018
1,M,4,14,54.84576,1.042104,2.826941,3.869045,51.890144983871,2.9556150161,658.536311,315.986011,342.5503,341.508196
1,M,4,16,50.40897,5.650272,13.864049,19.514321,51.890144983871,-1.481174984,77.204553,24.252887,52.951666,47.301394
2,M,1,1,71.418091,8.714193,20.438132,29.152325,71.0072625483871,0.4108284516,360.418174,49.497416,310.920758,302.206565
2,M,1,2,65.809837,4.942699,13.277411,18.22011,71.0072625483871,-5.197425548,63.770831,23.757599,40.013233,35.070534
2,M,1,3,86.024193,1.129899,9.154832,10.284731,71.0072625483871,15.016930452,106.732435,87.127361,19.605074,18.475175
2,M,1,4,58.051155,0.259631,15.565972,15.825603,71.0072625483871,-12.95610755,266.125233,219.116872,47.008361,46.74873
2,M,1,5,74.391006,1.162439,3.6266,4.789039,71.0072625483871,3.3837434516,41.121294,30.027189,11.094105,9.931666
2,M,1,6,75.308617,0.891429,34.734509,35.625937,71.0072625483871,4.3013544516,84.465832,42.391391,42.07444,41.183011
2,M,1,7,62.242905,1.660459,4.877852,6.538311,71.0072625483871,-8.764357548,434.505011,291.994348,142.510663,140.850204
2,M,1,8,78.921204,1.471508,16.629085,18.100593,71.0072625483871,7.9139414516,88.715161,49.170783,39.544379,38.072871
2,M,1,9,67.10379,0.145228,7.170988,7.316216,71.0072625483871,-3.903472548,597.793038,516.971669,80.821368,80.67614
2,M,1,10,77.372314,0.715624,17.997567,18.713191,71.0072625483871,6.3650514516,110.995116,54.944659,56.050457,55.334833
2,M,1,11,72.258148,1.271271,5.24404,6.515311,71.0072625483871,1.2508854516,549.351263,290.280819,259.070444,257.799173
2,M,1,12,38.432671,1.198336,22.313734,23.51207,71.0072625483871,-32.57459155,15.145039,3.804083,11.340956,10.14262
2,M,1,13,63.029198,11.066235,11.024295,22.09053,71.0072625483871,-7.978064548,94.974306,42.992516,51.98179,40.915555
2,M,1,14,78.268303,19.635344,5.892454,25.527797,71.0072625483871,7.2610404516,169.47224,63.648005,105.824234,86.18889
2,M,1,15,79.190544,1.308044,7.947128,9.255171,71.0072625483871,8.1832814516,139.460026,44.731152,94.728874,93.42083
2,M,1,16,67.359024,0.116963,5.534243,5.651207,71.0072625483871,-3.648238548,630.409703,288.927805,341.481899,341.364936
2,M,2,1,61.155975,2.198151,17.165409,19.36356,71.0072625483871,-9.851287548,384.520184,23.047198,361.472985,359.274834
2,M,2,2,74.845695,3.146589,7.372744,10.519333,71.0072625483871,3.8384324516,898.173635,708.120354,190.053281,186.906692
2,M,2,3,64.117126,11.239265,7.387895,18.62716,71.0072625483871,-6.890136548,217.360823,94.471484,122.889339,111.650074
2,M,2,4,83.150688,6.327738,11.829909,18.157646,71.0072625483871,12.143425452,48.709134,17.528083,31.181051,24.853313
2,M,2,5,71.949707,6.02001,47.063736,53.083745,71.0072625483871,0.9424444516,57.492786,21.621933,35.870854,29.850844
2,M,2,6,69.275192,1.458583,5.274337,6.73292,71.0072625483871,-1.732070548,45.242027,16.178677,29.063351,27.604768
2,M,2,7,253.7444,8.826893,12.277971,21.104864,71.0072625483871,182.73713745,78.653953,49.872192,28.781761,19.954868
2,M,2,8,84.511505,2.708935,12.891462,15.600397,71.0072625483871,13.504242452,281.741174,195.524526,86.216648,83.507713
2,M,2,9,69.726128,1.638011,3.32667,4.964681,71.0072625483871,-1.281134548,373.214022,145.285605,227.928416,226.290405
2,M,2,10,72.905266,2.988378,4.407091,7.395469,71.0072625483871,1.8980034516,39.524221,22.463403,17.060818,14.07244
2,M,2,11,73.98143,2.659507,15.384516,18.044022,71.0072625483871,2.9741674516,44.219512,24.539455,19.680057,17.02055
2,M,2,12,64.85955,0.393322,4.40673,4.800052,71.0072625483871,-6.147712548,18.827653,5.912311,12.915342,12.52202
2,M,2,13,63.53096,2.390937,4.900649,7.291585,71.0072625483871,-7.476302548,290.412106,159.151886,131.26022,128.869283
2,M,2,14,70.708,2.683521,4.476205,7.159727,71.0072625483871,-0.299262548,74.752291,59.265637,15.486654,12.803133
2,M,2,15,72.827393,13.464907,35.296386,48.761293,71.0072625483871,1.8201304516,258.691715,187.952819,70.738897,57.27399
2,M,2,16,81.58046,1.33575,6.742558,8.078308,71.0072625483871,10.573197452,122.884043,56.979315,65.904729,64.568979
2,M,3,1,77.957733,1.588686,6.205875,7.794561,71.0072625483871,6.9504704516,53.355809,24.691738,28.664072,27.075386
2,M,3,2,61.590889,4.563164,8.017707,12.580871,71.0072625483871,-9.416373548,57.81476,33.453974,24.360786,19.797622
2,M,3,3,59.711861,5.349178,4.762156,10.111334,71.0072625483871,-11.29540155,292.072663,245.69573,46.376933,41.027755
2,M,3,4,94.549988,25.95802,4.377531,30.335551,71.0072625483871,23.542725452,151.169499,90.546102,60.623396,34.665376
2,M,3,5,112.381531,27.94436,20.21718,48.161541,71.0072625483871,41.374268452,96.976507,37.002242,59.974265,32.029905
2,M,3,6,90.053734,22.029087,3.852466,25.881553,71.0072625483871,19.046471452,555.68267,188.567771,367.114899,345.085812
2,M,3,7,57.836769,7.558265,9.253389,16.811654,71.0072625483871,-13.17049355,161.280339,26.867176,134.413163,126.854898
2,M,3,8,69.848595,9.253463,50.168179,59.421642,71.0072625483871,-1.158667548,496.145611,199.831394,296.314218,287.060755
2,M,3,10,60.771347,16.004556,9.422063,25.426619,71.0072625483871,-10.23591555,466.735211,35.16771,431.567501,415.562945
2,M,3,11,50.454819,5.717064,46.200293,51.917357,71.0072625483871,-20.55244355,227.515838,141.233505,86.282333,80.565269
2,M,3,12,101.787216,19.560706,21.922212,41.482917,71.0072625483871,30.779953452,140.648204,54.409567,86.238637,66.677931
2,M,3,13,79.94696,9.303234,9.733579,19.036814,71.0072625483871,8.9396974516,344.444695,231.2977,113.146995,103.843761
2,M,3,14,88.759415,16.562179,10.976812,27.538991,71.0072625483871,17.752152452,149.05399,67.885057,81.168933,64.606754
2,M,3,15,62.315788,0.724984,8.128801,8.853785,71.0072625483871,-8.691474548,268.205198,233.364325,34.840873,34.115889
2,M,3,16,53.224716,1.957322,5.710749,7.668071,71.0072625483871,-17.78254655,196.021772,116.071323,79.950449,77.993127
2,M,4,1,56.077873,1.519261,10.315213,11.834473,71.0072625483871,-14.92938955,321.933359,141.104761,180.828598,179.309337
2,M,4,2,60.113724,2.687809,16.543937,19.231746,71.0072625483871,-10.89353855,957.922931,152.201198,805.721733,803.033924
2,M,4,3,52.009644,4.171641,29.510137,33.681777,71.0072625483871,-18.99761855,96.508603,41.00664,55.501963,51.330322
2,M,4,4,52.186531,6.286005,16.244006,22.530011,71.0072625483871,-18.82073155,201.136981,101.966251,99.17073,92.884725
2,M,4,5,49.827026,4.450339,22.917622,27.367961,71.0072625483871,-21.18023655,19.750959,3.011432,16.739527,12.289188
2,M,4,6,50.64901,1.077526,22.5907,23.668226,71.0072625483871,-20.35825255,393.489772,174.237688,219.252084,218.174558
2,M,4,8,60.532494,5.521163,31.744888,37.266051,71.0072625483871,-10.47476855,1119.36123,579.888017,539.473212,533.952049
2,M,4,9,55.06929,0.706212,19.567819,20.274031,71.0072625483871,-15.93797255,438.483885,291.034087,147.449799,146.743587
2,M,4,10,47.654518,5.999384,33.198625,39.198009,71.0072625483871,-23.35274455,80.17753,27.973463,52.204067,46.204683
2,M,4,11,49.864952,0.246553,7.413656,7.66021,71.0072625483871,-21.14231055,227.238095,155.363872,71.874224,71.627671
2,M,4,12,65.016708,14.088053,15.843983,29.932036,71.0072625483871,-5.990554548,427.534335,120.642333,306.892002,292.803949
2,M,4,13,55.656776,3.888485,6.36281,10.251295,71.0072625483871,-15.35048655,180.526056,79.506268,101.019789,97.131304
2,M,4,14,48.321449,1.190609,3.139184,4.329792,71.0072625483871,-22.68581355,201.075625,76.530415,124.54521,123.354601
2,M,4,15,48.027153,0.245018,5.681229,5.926247,71.0072625483871,-22.98010955,1256.06385,584.063601,672.000251,671.755233
2,M,4,16,82.201294,0.037429,9.091821,9.12925,71.0072625483871,11.194031452,170.049984,66.019973,104.030011,103.992582
3,M,1,1,43.812054,13.848085,15.503385,29.35147,64.0189995625,-20.20694556,382.742344,123.525175,259.217169,245.369084
3,M,1,2,42.178082,0.154005,16.014986,16.168992,64.0189995625,-21.84091756,207.489561,59.084141,148.405419,148.251414
3,M,1,3,35.340992,2.096979,3.04544,5.142418,64.0189995625,-28.67800756,1141.79515,487.301718,654.493433,652.396454
3,M,1,4,39.62949,2.694479,5.269981,7.964461,64.0189995625,-24.38950956,56.355569,42.381057,13.974512,11.280033
3,M,1,5,55.50703,10.231417,8.504257,18.735674,64.0189995625,-8.511969563,425.978459,316.891243,109.087216,98.855799
3,M,1,6,66.136337,10.310695,21.035525,31.346221,64.0189995625,2.1173374375,259.224266,99.574841,159.649425,149.33873
3,M,1,7,48.429516,2.953001,2.828592,5.781593,64.0189995625,-15.58948356,243.79176,115.283624,128.508136,125.555135
3,M,1,8,51.037914,3.063516,4.27291,7.336426,64.0189995625,-12.98108556,35.879046,14.574054,21.304992,18.241476
3,M,1,9,56.783504,6.305336,14.43654,20.741877,64.0189995625,-7.235495563,38.582861,2.999232,35.583629,29.278293
3,M,1,10,51.119762,13.611576,3.219112,16.830687,64.0189995625,-12.89923756,202.019407,73.330452,128.688955,115.077379
3,M,1,11,56.83585,2.856269,25.693694,28.549963,64.0189995625,-7.183149563,466.678113,352.0865,114.591613,111.735344
3,M,1,12,68.289108,2.535505,11.545394,14.080899,64.0189995625,4.2701084375,39.852778,11.681353,28.171425,25.63592
3,M,1,13,52.836262,0.144003,41.006549,41.150552,64.0189995625,-11.18273756,310.703217,57.542465,253.160752,253.016749
3,M,1,14,49.106068,24.53742,12.762391,37.299812,64.0189995625,-14.91293156,383.816618,232.522609,151.294009,126.756589
3,M,1,15,59.652126,12.240081,7.325853,19.565935,64.0189995625,-4.366873562,600.258833,150.604644,449.654189,437.414108
3,M,1,16,43.767796,4.361557,1.44409,5.805647,64.0189995625,-20.25120356,58.798196,13.126116,45.67208,41.310523
3,M,2,1,55.705097,6.64768,7.974848,14.622528,64.0189995625,-8.313902562,223.468936,180.727614,42.741323,36.093643
3,M,2,2,49.520565,0.995748,8.50339,9.499137,64.0189995625,-14.49843456,164.36894,102.750962,61.617978,60.62223
3,M,2,3,59.948132,6.81946,8.565421,15.384881,64.0189995625,-4.070867562,430.038651,203.513531,226.52512,219.70566
3,M,2,4,67.537399,4.927125,4.34313,9.270255,64.0189995625,3.5183994375,135.274939,63.390667,71.884273,66.957148
3,M,2,5,79.872482,8.589656,12.425575,21.015231,64.0189995625,15.853482438,219.582409,87.752309,131.8301,123.240444
3,M,2,6,61.784863,2.166106,14.316465,16.48257,64.0189995625,-2.234136562,486.71885,274.559051,212.159799,209.993693
3,M,2,7,49.02779,8.113758,6.074121,14.187879,64.0189995625,-14.99120956,367.955927,58.016177,309.93975,301.825992
3,M,2,8,56.329945,2.433881,3.529654,5.963534,64.0189995625,-7.689054562,177.883787,96.757248,81.126539,78.692658
3,M,2,9,62.563625,2.273379,12.141858,14.415236,64.0189995625,-1.455374562,412.826299,158.93961,253.886688,251.613309
3,M,2,10,62.334675,3.694507,5.350571,9.045077,64.0189995625,-1.684324563,351.485308,222.471611,129.013697,125.31919
3,M,2,11,52.938244,1.785381,3.776864,5.562244,64.0189995625,-11.08075556,596.273785,226.890904,369.382882,367.597501
3,M,2,12,64.294785,2.237402,7.272742,9.510144,64.0189995625,0.2757854375,135.582796,77.738693,57.844103,55.606701
3,M,2,13,59.678188,0.338023,3.054328,3.392351,64.0189995625,-4.340811563,40.789139,18.3841,22.405039,22.067016
3,M,2,14,60.756466,0.803307,5.204765,6.008073,64.0189995625,-3.262533562,327.88302,211.801726,116.081294,115.277987
3,M,2,15,82.747238,2.475608,10.547039,13.022647,64.0189995625,18.728238438,92.471538,80.311652,12.159886,9.684278
3,M,2,16,79.062439,9.392813,10.25477,19.647583,64.0189995625,15.043439438,211.818927,84.33062,127.488308,118.095495
3,M,3,1,66.444199,6.665815,11.31166,17.977475,64.0189995625,2.4251994375,383.254251,175.500025,207.754226,201.088411
3,M,3,2,58.674503,2.1212,9.767584,11.888784,64.0189995625,-5.344496562,440.988461,155.471269,285.517192,283.395992
3,M,3,3,49.394054,8.385209,11.01636,19.401569,64.0189995625,-14.62494556,489.155859,329.154405,160.001454,151.616245
3,M,3,4,58.9156,4.817623,4.214814,9.032437,64.0189995625,-5.103399563,643.506401,320.396383,323.110018,318.292395
3,M,3,5,66.330109,5.787873,7.304276,13.09215,64.0189995625,2.3111094375,214.926266,86.547369,128.378898,122.591025
3,M,3,6,64.455948,5.280297,3.224471,8.504768,64.0189995625,0.4369484375,113.222888,58.306626,54.916261,49.635964
3,M,3,7,69.445892,4.580373,10.287035,14.867409,64.0189995625,5.4268924375,123.030227,41.859941,81.170286,76.589913
3,M,3,8,57.869328,4.67954,6.668749,11.34829,64.0189995625,-6.149671562,104.110467,28.744937,75.36553,70.68599
3,M,3,9,50.479702,5.854653,8.489244,14.343896,64.0189995625,-13.53929756,143.425355,69.384803,74.040553,68.1859
3,M,3,10,61.59148,21.394354,12.352853,33.747208,64.0189995625,-2.427519563,330.524106,190.590294,139.933812,118.539458
3,M,3,11,49.022175,5.930465,5.454742,11.385208,64.0189995625,-14.99682456,522.705714,259.352786,263.352929,257.422464
3,M,3,12,59.604053,0.711738,5.275288,5.987026,64.0189995625,-4.414946563,16.374194,16.374194,0,-0.711738
3,M,3,13,46.363613,0.325377,3.135701,3.461078,64.0189995625,-17.65538656,479.776539,316.957875,162.818665,162.493288
3,M,3,14,98.600647,9.314246,7.78582,17.100065,64.0189995625,34.581647438,159.597822,70.432813,89.165009,79.850763
3,M,3,15,85.614029,2.925067,54.669577,57.594644,64.0189995625,21.595029438,515.808845,187.999019,327.809826,324.884759
3,M,3,16,66.360123,0.128556,2.124853,2.253409,64.0189995625,2.3411234375,174.277325,76.207039,98.070285,97.941729
3,M,4,1,72.68306,14.030628,15.030491,29.061119,64.0189995625,8.6640604375,508.224768,252.037974,256.186794,242.156166
3,M,4,2,97.980621,9.661499,12.881545,22.543045,64.0189995625,33.961621438,343.760419,157.424707,186.335712,176.674213
3,M,4,3,61.996868,4.131368,4.437401,8.568769,64.0189995625,-2.022131563,69.811509,34.099834,35.711675,31.580307
3,M,4,4,69.969482,9.602926,4.931461,14.534387,64.0189995625,5.9504824375,53.684456,29.79877,23.885686,14.28276
3,M,4,5,84.075897,0.104103,7.454335,7.558438,64.0189995625,20.056897438,652.647868,560.436837,92.211031,92.106928
3,M,4,6,75.576538,12.978192,10.63396,23.612152,64.0189995625,11.557538438,80.931396,37.438247,43.493149,30.514957
3,M,4,7,71.746002,3.242492,7.330807,10.573299,64.0189995625,7.7270024375,48.119628,3.736605,44.383023,41.140531
3,M,4,8,87.840912,7.024977,3.901479,10.926456,64.0189995625,23.821912438,666.184863,335.260593,330.924269,323.899292
3,M,4,9,75.43457,6.027668,13.497717,19.525385,64.0189995625,11.415570437,255.965405,188.640917,67.324488,61.29682
3,M,4,10,63.291676,0.323482,22.125454,22.448936,64.0189995625,-0.727323562,343.576746,258.909209,84.667537,84.344055
3,M,4,11,74.086899,3.022836,22.755993,25.778829,64.0189995625,10.067899438,545.861038,291.316216,254.544822,251.521986
3,M,4,12,73.452621,17.463539,9.255126,26.718664,64.0189995625,9.4336214375,462.821846,180.336626,282.48522,265.021681
3,M,4,13,95.430862,1.550798,10.44123,11.992027,64.0189995625,31.411862438,752.50139,393.753935,358.747455,357.196657
3,M,4,14,81.046387,3.338614,7.7276,11.066215,64.0189995625,17.027387437,334.625425,83.899409,250.726016,247.387402
3,M,4,15,83.63063,1.566304,14.603065,16.169369,64.0189995625,19.611630438,387.705443,203.480719,184.224724,182.65842
3,M,4,16,95.243668,5.722482,2.592637,8.315119,64.0189995625,31.224668438,455.138966,218.656282,236.482684,230.760202
4,M,1,1,28.944817,0.809141,6.135689,6.94483,47.769827442623,-18.82501044,761.849957,343.301061,418.548896,417.739755
4,M,1,2,32.883671,0.022349,3.45124,3.473589,47.769827442623,-14.88615644,291.581439,73.081462,218.499977,218.477628
4,M,1,3,31.082256,1.909058,3.074151,4.983208,47.769827442623,-16.68757144,269.51895,220.067686,49.451263,47.542205
4,M,1,4,26.374237,4.665489,7.246079,11.911568,47.769827442623,-21.39559044,478.893888,212.311959,266.58193,261.916441
4,M,1,5,35.03886,1.028904,15.384989,16.413893,47.769827442623,-12.73096744,134.531633,60.858102,73.673531,72.644627
4,M,1,6,37.487473,10.67934,4.048934,14.728274,47.769827442623,-10.28235444,94.7402,39.104539,55.635661,44.956321
4,M,1,7,19.451309,10.709985,2.701837,13.411822,47.769827442623,-28.31851844,121.047368,32.344444,88.702924,77.992939
4,M,1,8,23.198147,8.400028,9.271715,17.671743,47.769827442623,-24.57168044,181.835608,115.539623,66.295986,57.895958
4,M,1,9,33.136639,1.642773,3.355513,4.998286,47.769827442623,-14.63318844,231.549897,104.702379,126.847517,125.204744
4,M,1,10,57.55014,17.774797,13.748523,31.523319,47.769827442623,9.7803125574,107.887224,53.809746,54.077478,36.302681
4,M,1,11,57.482521,1.118433,11.981693,13.100126,47.769827442623,9.7126935574,67.261084,16.058215,51.202869,50.084436
4,M,1,12,46.488785,0.328971,19.653714,19.982685,47.769827442623,-1.281042443,59.475474,14.873282,44.602192,44.273221
4,M,1,13,48.447014,1.658958,4.489176,6.148135,47.769827442623,0.6771865574,117.351023,31.391286,85.959737,84.300779
4,M,1,15,49.487549,5.663505,11.844485,17.507991,47.769827442623,1.7177215574,250.700563,118.156863,132.5437,126.880195
4,M,1,16,43.239822,3.086341,6.4691,9.55544,47.769827442623,-4.530005443,121.996733,55.607986,66.388747,63.302406
4,M,2,1,37.170906,2.810684,7.074717,9.885401,47.769827442623,-10.59892144,435.28633,136.880194,298.406136,295.595452
4,M,2,2,40.907509,3.043866,8.484658,11.528524,47.769827442623,-6.862318443,120.384546,29.990193,90.394352,87.350486
4,M,2,3,32.934387,4.010598,16.068547,20.079145,47.769827442623,-14.83544044,471.34163,250.390641,220.950989,216.940391
4,M,2,4,45.402985,4.724859,7.084488,11.809347,47.769827442623,-2.366842443,124.808278,54.114264,70.694014,65.969155
4,M,2,5,33.538757,1.11472,2.789701,3.904421,47.769827442623,-14.23107044,21.270427,4.121812,17.148616,16.033896
4,M,2,6,45.705994,7.771653,5.447113,13.218766,47.769827442623,-2.063833443,131.468639,33.514184,97.954455,90.182802
4,M,2,7,40.617424,2.354399,7.085902,9.440301,47.769827442623,-7.152403443,57.219309,18.628826,38.590483,36.236084
4,M,2,8,47.484993,4.080071,15.642501,19.722572,47.769827442623,-0.284834443,232.467189,28.071185,204.396004,200.315933
4,M,2,9,36.780098,1.21992,2.39294,3.61286,47.769827442623,-10.98972944,374.2059,211.296194,162.909707,161.689787
4,M,2,10,33.740654,0.472036,11.129836,11.601872,47.769827442623,-14.02917344,536.441469,395.691296,140.750173,140.278137
4,M,2,11,24.202923,0.362588,2.915005,3.277593,47.769827442623,-23.56690444,285.908084,120.890339,165.017745,164.655157
4,M,2,12,32.181957,2.85455,12.719088,15.573639,47.769827442623,-15.58787044,544.768426,377.923446,166.844979,163.990429
4,M,2,13,42.774323,6.564816,10.406586,16.971402,47.769827442623,-4.995504443,63.018312,22.144145,40.874166,34.30935
4,M,2,14,31.493847,4.797679,4.573868,9.371548,47.769827442623,-16.27598044,149.524075,91.367683,58.156392,53.358713
4,M,2,15,33.47345,2.689477,4.962993,7.65247,47.769827442623,-14.29637744,309.232048,232.196968,77.03508,74.345603
4,M,2,16,50.080696,2.513007,4.682257,7.195265,47.769827442623,2.3108685574,61.274915,22.306075,38.96884,36.455833
4,M,3,1,54.636154,1.268439,8.426277,9.694716,47.769827442623,6.8663265574,62.692225,20.801494,41.890731,40.622292
4,M,3,2,57.543236,1.594172,6.863084,8.457255,47.769827442623,9.7734085574,132.676503,73.780733,58.89577,57.301598
4,M,3,3,40.034729,3.499164,5.295377,8.794542,47.769827442623,-7.735098443,174.735892,118.337503,56.398389,52.899225
4,M,3,5,39.330368,0.430638,3.160682,3.59132,47.769827442623,-8.439459443,40.890629,13.147335,27.743294,27.312656
4,M,3,6,39.056335,1.934461,3.324744,5.259205,47.769827442623,-8.713492443,435.57868,225.147753,210.430927,208.496466
4,M,3,7,68.118774,0.926684,8.310623,9.237306,47.769827442623,20.348946557,185.084647,111.204948,73.879698,72.953014
4,M,3,8,58.293556,10.129786,8.620418,18.750204,47.769827442623,10.523728557,70.602539,23.887621,46.714918,36.585132
4,M,3,9,62.096306,0.43035,6.663613,7.093963,47.769827442623,14.326478557,71.720186,26.0713,45.648885,45.218535
4,M,3,10,50.567177,8.579924,27.503239,36.083164,47.769827442623,2.7973495574,97.659421,47.84479,49.814631,41.234707
4,M,3,11,59.892296,0.729214,7.987998,8.717212,47.769827442623,12.122468557,29.707813,6.906862,22.800951,22.071737
4,M,3,12,71.575638,1.852277,8.904964,10.757241,47.769827442623,23.805810557,304.505372,114.718658,189.786714,187.934437
4,M,3,13,45.341057,0.124462,25.958906,26.083369,47.769827442623,-2.428770443,76.663778,27.977175,48.686603,48.562141
4,M,3,14,46.222801,1.757874,20.231279,21.989153,47.769827442623,-1.547026443,238.386118,54.151035,184.235083,182.477209
4,M,3,15,61.613312,3.285105,9.355617,12.640722,47.769827442623,13.843484557,248.07867,142.027217,106.051453,102.766348
4,M,3,16,59.614983,2.801366,16.578324,19.37969,47.769827442623,11.845155557,309.571567,169.961566,139.610001,136.808635
4,M,4,1,49.21154,2.998881,0.672355,3.671236,47.769827442623,1.4417125574,368.482984,140.879458,227.603526,224.604645
4,M,4,2,85.284546,2.571723,25.663871,28.235594,47.769827442623,37.514718557,107.533749,40.564571,66.969178,64.397455
4,M,4,3,49.502792,0.253197,10.273125,10.526322,47.769827442623,1.7329645574,182.328393,93.522122,88.806272,88.553075
4,M,4,4,50.324272,1.584436,12.060798,13.645234,47.769827442623,2.5544445574,115.118364,49.070556,66.047809,64.463373
4,M,4,5,59.506172,2.554068,4.524029,7.078098,47.769827442623,11.736344557,140.82445,92.029393,48.795057,46.240989
4,M,4,6,38.591225,5.556369,6.674153,12.230521,47.769827442623,-9.178602443,210.832691,90.905841,119.92685,114.370481
4,M,4,7,60.235909,2.986473,8.161124,11.147596,47.769827442623,12.466081557,95.491801,46.33194,49.159861,46.173388
4,M,4,8,91.104019,4.892554,29.844488,34.737041,47.769827442623,43.334191557,36.77455,5.688771,31.085778,26.193224
4,M,4,9,77.030815,3.040178,14.757625,17.797804,47.769827442623,29.260987557,41.766949,12.535328,29.231621,26.191443
4,M,4,10,51.657936,10.65651,31.705599,42.362109,47.769827442623,3.8881085574,406.388286,96.326078,310.062207,299.405697
4,M,4,11,75.793549,12.031629,14.717216,26.748845,47.769827442623,28.023721557,226.116914,168.233459,57.883456,45.851827
4,M,4,12,48.331169,2.052007,21.335602,23.387609,47.769827442623,0.5613415574,164.76576,90.004125,74.761636,72.709629
4,M,4,13,68.271904,0.167335,2.324706,2.492041,47.769827442623,20.502076557,203.394132,150.165592,53.22854,53.061205
4,M,4,15,69.998535,3.688343,11.904524,15.592866,47.769827442623,22.228707557,738.077689,285.131454,452.946235,449.257892
4,M,4,16,46.394226,1.729712,13.433326,15.163039,47.769827442623,-1.375601443,559.035293,219.274559,339.760735,338.031023
5,F,1,1,8.698435,1.174111,3.003883,4.177994,21.8628827096774,-13.16444771,455.429706,179.715738,275.713968,274.539857
5,F,1,2,10.851053,0.465104,1.899791,2.364895,21.8628827096774,-11.01182971,794.777367,407.590329,387.187038,386.721934
5,F,1,3,20.215403,6.02391,5.939249,11.963159,21.8628827096774,-1.64747971,22.308024,8.637313,13.670711,7.646801
5,F,1,4,10.895689,0.831061,7.243297,8.074358,21.8628827096774,-10.96719371,308.097982,190.979469,117.118513,116.287452
5,F,1,5,27.329344,5.214032,5.242782,10.456814,21.8628827096774,5.4664612903,66.988181,29.982615,37.005565,31.791533
5,F,1,6,17.214434,9.385478,3.993125,13.378603,21.8628827096774,-4.64844871,176.278551,77.118493,99.160057,89.774579
5,F,1,7,10.365236,0.097238,14.404659,14.501897,21.8628827096774,-11.49764671,53.44965,38.453682,14.995969,14.898731
5,F,1,8,20.285215,11.081315,6.681029,17.762344,21.8628827096774,-1.57766771,520.854857,263.224912,257.629945,246.54863
5,F,1,9,21.930342,10.438066,3.10095,13.539016,21.8628827096774,0.0674592903,141.585161,91.7154,49.869761,39.431695
5,F,1,10,27.459494,1.166501,2.099173,3.265674,21.8628827096774,5.5966112903,228.582525,130.450282,98.132242,96.965741
5,F,1,11,9.758398,0.112084,3.52307,3.635154,21.8628827096774,-12.10448471,325.812168,191.629021,134.183146,134.071062
5,F,1,12,14.895178,4.062262,3.192067,7.25433,21.8628827096774,-6.96770471,206.496733,96.850133,109.6466,105.584338
5,F,1,13,11.316217,7.460972,13.344918,20.80589,21.8628827096774,-10.54666571,222.566865,78.749492,143.817373,136.356401
5,F,1,14,49.854004,7.311243,27.130542,34.441785,21.8628827096774,27.99112129,319.942184,110.563665,209.378519,202.067276
5,F,1,15,34.566521,8.892272,8.949983,17.842254,21.8628827096774,12.70363829,43.747017,14.872981,28.874036,19.981764
5,F,1,16,14.287527,9.617687,2.179551,11.797237,21.8628827096774,-7.57535571,215.296546,154.485517,60.811028,51.193341
5,F,2,1,10.147161,2.043386,22.199906,24.243293,21.8628827096774,-11.71572171,525.142453,94.136748,431.005705,428.962319
5,F,2,2,38.21566,0.965294,0.833526,1.79882,21.8628827096774,16.35277729,531.467114,378.189933,153.277181,152.311887
5,F,2,3,23.163328,16.346247,5.140788,21.487035,21.8628827096774,1.3004452903,384.381283,152.768499,231.612785,215.266538
5,F,2,4,78.273499,0.397262,24.484558,24.88182,21.8628827096774,56.41061629,104.631785,32.767351,71.864434,71.467172
5,F,2,5,42.048973,8.626595,17.513423,26.140017,21.8628827096774,20.18609029,290.606045,134.769659,155.836386,147.209791
5,F,2,6,28.486303,17.331496,15.301415,32.632911,21.8628827096774,6.6234202903,368.959291,243.346563,125.612729,108.281233
5,F,2,8,10.366571,0.70356,11.098618,11.802178,21.8628827096774,-11.49631171,331.888575,189.087771,142.800804,142.097244
5,F,2,9,10.633867,0.197615,16.785723,16.983337,21.8628827096774,-11.22901571,102.832586,31.864618,70.967968,70.770353
5,F,2,10,32.497406,0.932523,1.893286,2.825808,21.8628827096774,10.63452329,183.924461,109.225843,74.698617,73.766094
5,F,2,11,11.582457,0.7065,3.158444,3.864943,21.8628827096774,-10.28042571,61.438909,22.779841,38.659069,37.952569
5,F,2,12,9.815756,0.658106,11.544582,12.202688,21.8628827096774,-12.04712671,79.965584,22.150433,57.815151,57.157045
5,F,2,13,10.335348,1.643284,170.246429,171.889713,21.8628827096774,-11.52753471,407.610329,196.044487,211.565842,209.922558
5,F,2,14,15.759584,12.601489,15.628564,28.230053,21.8628827096774,-6.10329871,248.383488,128.504117,119.879371,107.277882
5,F,2,15,26.586824,20.478712,17.426892,37.905604,21.8628827096774,4.7239412903,460.064377,349.104354,110.960023,90.481311
5,F,2,16,17.304312,10.809594,8.356085,19.165679,21.8628827096774,-4.55857071,504.85297,166.068684,338.784285,327.974691
5,F,3,1,43.74958,7.122774,11.005668,18.128443,21.8628827096774,21.88669729,162.767865,93.897832,68.870033,61.747259
5,F,3,2,11.363844,0.185784,7.609345,7.795129,21.8628827096774,-10.49903871,156.181442,91.25242,64.929022,64.743238
5,F,3,3,39.365578,1.893865,5.408315,7.30218,21.8628827096774,17.50269529,683.011746,348.713362,334.298384,332.404519
5,F,3,4,8.779745,0.109709,120.073176,120.182885,21.8628827096774,-13.08313771,317.918589,83.528219,234.39037,234.280661
5,F,3,5,37.734177,4.369152,9.308134,13.677286,21.8628827096774,15.87129429,136.600669,64.540482,72.060187,67.691035
5,F,3,6,32.45137,0.51059,23.436019,23.946609,21.8628827096774,10.58848729,184.542751,139.679859,44.862891,44.352301
5,F,3,7,12.748587,5.053062,8.819577,13.872639,21.8628827096774,-9.11429571,444.2797,309.419768,134.859931,129.806869
5,F,3,8,8.959475,0.085862,2.043804,2.129666,21.8628827096774,-12.90340771,247.68121,123.057506,124.623704,124.537842
5,F,3,9,10.249582,0.409119,15.743979,16.153099,21.8628827096774,-11.61330071,511.272609,141.109993,370.162615,369.753496
5,F,3,10,17.865076,18.62122,10.386322,29.007542,21.8628827096774,-3.99780671,389.382634,80.739293,308.643341,290.022121
5,F,3,11,42.576889,0.220003,42.528548,42.748552,21.8628827096774,20.71400629,558.953233,120.057208,438.896024,438.676021
5,F,3,12,8.848745,0.676533,5.671496,6.348029,21.8628827096774,-13.01413771,146.184807,51.101262,95.083545,94.407012
5,F,3,13,42.186989,5.587215,21.177354,26.764568,21.8628827096774,20.32410629,363.933126,259.832207,104.100918,98.513703
5,F,3,14,10.30871,0.301462,5.25248,5.553942,21.8628827096774,-11.55417271,147.19693,79.13031,68.06662,67.765158
5,F,3,15,25.154593,13.817873,8.887724,22.705597,21.8628827096774,3.2917102903,683.68149,335.959055,347.722434,333.904561
5,F,3,16,10.564985,2.469681,23.81564,26.285321,21.8628827096774,-11.29789771,89.656415,31.709667,57.946748,55.477067
5,F,4,1,22.120611,8.563314,1.258416,9.821731,21.8628827096774,0.2577282903,106.933872,44.481515,62.452356,53.889042
5,F,4,2,13.807074,10.450073,5.244262,15.694336,21.8628827096774,-8.05580871,274.9433,208.4579,66.485401,56.035328
5,F,4,3,50.055351,7.789345,18.606818,26.396163,21.8628827096774,28.19246829,206.632655,115.466986,91.165669,83.376324
5,F,4,4,24.909708,17.187082,12.611465,29.798547,21.8628827096774,3.0468252903,417.376383,142.343903,275.03248,257.845398
5,F,4,5,9.653955,0.008962,6.580681,6.589643,21.8628827096774,-12.20892771,96.129638,40.702519,55.427119,55.418157
5,F,4,6,9.171274,1.448192,14.763087,16.21128,21.8628827096774,-12.69160871,418.22803,87.30735,330.92068,329.472488
5,F,4,7,9.583693,0.258866,13.41247,13.671336,21.8628827096774,-12.27918971,729.077644,384.173157,344.904487,344.645621
5,F,4,8,27.878458,4.102563,14.430628,18.533191,21.8628827096774,6.0155752903,507.424772,195.020787,312.403986,308.301423
5,F,4,9,42.664719,1.778077,8.363207,10.141284,21.8628827096774,20.80183629,518.630646,220.632435,297.99821,296.220133
5,F,4,10,9.748495,0.78843,4.198741,4.987171,21.8628827096774,-12.11438771,156.222001,52.333013,103.888988,103.100558
5,F,4,11,10.12232,0.704556,11.706516,12.411072,21.8628827096774,-11.74056271,41.032516,8.3474,32.685115,31.980559
5,F,4,12,46.427834,5.563259,21.402346,26.965605,21.8628827096774,24.56495129,165.245523,66.358564,98.88696,93.323701
5,F,4,13,9.745901,0.762505,1.493576,2.256082,21.8628827096774,-12.11698171,386.500144,161.932329,224.567815,223.80531
5,F,4,15,21.150919,0.761378,7.243773,8.005151,21.8628827096774,-0.71196371,375.453582,150.332103,225.121479,224.360101
5,F,4,16,10.410952,1.21356,2.060398,3.273958,21.8628827096774,-11.45193071,336.153969,58.59026,277.563709,276.350149
6,M,1,1,76.470505,1.707266,10.648768,12.356034,67.036941984127,9.4335630159,119.003012,16.810359,102.192653,100.485387
6,M,1,2,90.098953,2.317356,22.499978,24.817334,67.036941984127,23.062011016,71.432963,13.98335,57.449613,55.132257
6,M,1,3,78.779922,7.341916,10.69907,18.040986,67.036941984127,11.742980016,421.49282,158.753203,262.739617,255.397701
6,M,1,4,67.433685,12.762415,44.888704,57.651118,67.036941984127,0.3967430159,115.662184,53.623952,62.038231,49.275816
6,M,1,5,86.144791,2.470113,2.412408,4.882521,67.036941984127,19.107849016,190.446649,70.565761,119.880888,117.410775
6,M,1,6,83.835136,5.840332,19.759301,25.599634,67.036941984127,16.798194016,394.962888,198.823733,196.139155,190.298823
6,M,1,7,54.413727,0.525539,1.831824,2.357363,67.036941984127,-12.62321498,259.042388,192.114513,66.927875,66.402336
6,M,1,8,73.826225,2.317011,45.226553,47.543565,67.036941984127,6.7892830159,140.299134,64.232635,76.0665,73.749489
6,M,1,9,55.219742,0.010819,9.566694,9.577513,67.036941984127,-11.81719998,502.6315,266.983836,235.647665,235.636846
6,M,1,10,68.664482,4.355917,5.701035,10.056952,67.036941984127,1.6275400159,161.864542,85.371934,76.492608,72.136691
6,M,1,11,82.420906,4.746809,6.040704,10.787513,67.036941984127,15.383964016,209.699891,127.272399,82.427491,77.680682
6,M,1,12,79.796669,1.216445,2.174349,3.390794,67.036941984127,12.759727016,139.712136,54.040988,85.671148,84.454703
6,M,1,13,55.364563,0.172922,7.294032,7.466954,67.036941984127,-11.67237898,372.92335,236.319898,136.603453,136.430531
6,M,1,14,61.123703,7.592273,6.835207,14.427479,67.036941984127,-5.913238984,322.958839,101.211535,221.747304,214.155031
6,M,1,16,59.347878,0.171521,6.183607,6.355128,67.036941984127,-7.689063984,617.728838,237.837016,379.891823,379.720302
6,M,2,1,54.278351,0.516965,3.87635,4.393314,67.036941984127,-12.75859098,245.076558,143.3054,101.771158,101.254193
6,M,2,2,70.795502,0.418819,5.606773,6.025592,67.036941984127,3.7585600159,278.183348,147.074117,131.109231,130.690412
6,M,2,3,62.132011,3.852048,6.024742,9.87679,67.036941984127,-4.904930984,86.366447,13.928066,72.43838,68.586332
6,M,2,4,54.653519,3.722037,16.539505,20.261542,67.036941984127,-12.38342298,551.113225,539.23554,11.877685,8.155648
6,M,2,5,61.661072,6.57625,1.129652,7.705902,67.036941984127,-5.375869984,119.366187,71.858087,47.508101,40.931851
6,M,2,6,70.886032,4.350892,15.320149,19.671042,67.036941984127,3.8490900159,132.748677,81.248988,51.499689,47.148797
6,M,2,7,65.468719,0.147196,4.361345,4.508541,67.036941984127,-1.568222984,63.722648,18.539252,45.183395,45.036199
6,M,2,8,51.798157,0.494391,16.662675,17.157066,67.036941984127,-15.23878498,133.577443,44.650638,88.926805,88.432414
6,M,2,9,64.087227,7.340108,12.761904,20.102012,67.036941984127,-2.949714984,550.752701,501.796201,48.9565,41.616392
6,M,2,10,58.554008,5.461322,4.467295,9.928616,67.036941984127,-8.482933984,418.653783,187.162202,231.491581,226.030259
6,M,2,11,67.078987,6.556173,2.552334,9.108508,67.036941984127,0.0420450159,185.387031,82.860668,102.526363,95.97019
6,M,2,12,58.218826,0.228982,2.883164,3.112146,67.036941984127,-8.818115984,32.374094,8.812928,23.561166,23.332184
6,M,2,13,73.89724,4.117533,10.488066,14.605599,67.036941984127,6.8602980159,248.480624,94.72304,153.757584,149.640051
6,M,2,14,60.616669,0.217351,25.961377,26.178728,67.036941984127,-6.420272984,721.187685,604.688236,116.499449,116.282098
6,M,2,15,71.086632,0.717849,9.369566,10.087416,67.036941984127,4.0496900159,316.810471,163.756936,153.053536,152.335687
6,M,2,16,46.686287,2.328137,3.303222,5.631359,67.036941984127,-20.35065498,66.082831,33.229232,32.853599,30.525462
6,M,3,1,64.426498,1.409755,3.349762,4.759517,67.036941984127,-2.610443984,179.370004,79.414949,99.955055,98.5453
6,M,3,2,58.526642,2.625416,5.37384,7.999256,67.036941984127,-8.510299984,53.352263,29.389617,23.962646,21.33723
6,M,3,3,57.345039,2.563606,5.862209,8.425814,67.036941984127,-9.691902984,53.18775,29.529886,23.657865,21.094259
6,M,3,4,69.293228,4.606099,3.392133,7.998231,67.036941984127,2.2562860159,250.900925,183.698148,67.202777,62.596678
6,M,3,5,74.357353,6.576763,2.393635,8.970399,67.036941984127,7.3204110159,148.540445,41.814804,106.72564,100.148877
6,M,3,6,82.557724,5.258289,9.023575,14.281864,67.036941984127,15.520782016,60.517508,21.406819,39.110689,33.8524
6,M,3,7,82.771599,3.542737,19.057181,22.599918,67.036941984127,15.734657016,97.302286,57.284784,40.017502,36.474765
6,M,3,8,68.48278,2.121451,1.11063,3.232081,67.036941984127,1.4458380159,161.035336,84.051424,76.983912,74.862461
6,M,3,9,73.607513,5.359028,3.015648,8.374676,67.036941984127,6.5705710159,57.393586,34.978886,22.414699,17.055671
6,M,3,10,75.244911,4.799569,10.276849,15.076418,67.036941984127,8.2079690159,265.151936,143.136103,122.015833,117.216264
6,M,3,11,70.673622,5.661023,8.158315,13.819338,67.036941984127,3.6366800159,210.498929,55.592921,154.906009,149.244986
6,M,3,12,65.875343,2.701966,7.690198,10.392164,67.036941984127,-1.161598984,42.571313,17.284131,25.287182,22.585216
6,M,3,13,58.132675,2.162105,16.973727,19.135832,67.036941984127,-8.904266984,65.127428,40.961746,24.165682,22.003577
6,M,3,14,56.512222,3.623272,5.014542,8.637814,67.036941984127,-10.52471998,42.220049,20.168273,22.051775,18.428503
6,M,3,15,69.480171,2.250513,1.016546,3.267059,67.036941984127,2.4432290159,209.649938,72.833764,136.816174,134.565661
6,M,3,16,67.658638,1.099028,4.308603,5.407632,67.036941984127,0.6216960159,147.867662,33.106914,114.760748,113.66172
6,M,4,1,71.909782,1.570092,16.703406,18.273498,67.036941984127,4.8728400159,85.886948,31.008071,54.878877,53.308785
6,M,4,2,51.562325,1.864544,12.329688,14.194232,67.036941984127,-15.47461698,267.282545,128.241014,139.041531,137.176987
6,M,4,3,66.954506,10.964474,4.417463,15.381936,67.036941984127,-0.082435984,209.727316,109.381079,100.346237,89.381763
6,M,4,4,59.116783,11.231178,6.107946,17.339124,67.036941984127,-7.920158984,48.978455,21.715782,27.262673,16.031495
6,M,4,5,68.084618,5.768719,3.405228,9.173946,67.036941984127,1.0476760159,59.876741,26.161276,33.715465,27.946746
6,M,4,6,69.654221,5.147132,20.011202,25.158333,67.036941984127,2.6172790159,96.61373,52.421132,44.192598,39.045466
6,M,4,7,64.436943,4.816254,7.255882,12.072136,67.036941984127,-2.599998984,67.850088,18.822376,49.027712,44.211458
6,M,4,8,69.727531,0.619296,9.412011,10.031307,67.036941984127,2.6905890159,185.632652,66.36381,119.268842,118.649546
6,M,4,9,61.103348,1.74837,8.078921,9.827291,67.036941984127,-5.933593984,62.169319,34.851782,27.317538,25.569168
6,M,4,10,71.545273,4.974661,8.966651,13.941312,67.036941984127,4.5083310159,228.104716,141.927668,86.177049,81.202388
6,M,4,11,63.18354,2.886713,7.193099,10.079812,67.036941984127,-3.853401984,399.709602,231.077951,168.63165,165.744937
6,M,4,12,64.491318,0.802669,28.133632,28.936301,67.036941984127,-2.545623984,393.539647,261.250859,132.288788,131.486119
6,M,4,13,58.636063,4.758768,9.14283,13.901597,67.036941984127,-8.400878984,82.655234,36.638551,46.016682,41.257914
6,M,4,14,90.053238,1.299633,12.436606,13.736239,67.036941984127,23.016296016,235.056978,41.934835,193.122142,191.822509
6,M,4,15,77.104897,10.76027,3.694161,14.454431,67.036941984127,10.067955016,267.831179,50.166299,217.66488,206.90461
6,M,4,16,55.976875,0.531723,19.403475,19.935197,67.036941984127,-11.06006698,117.497481,59.207291,58.29019,57.758467
7,M,1,1,64.433434,1.344624,0.654566,1.99919,58.518099516129,5.9153344839,35.721118,11.13693,24.584188,23.239564
7,M,1,3,60.798004,0.307452,5.668594,5.976046,58.518099516129,2.2799044839,40.223198,13.01979,27.203407,26.895955
7,M,1,4,54.058228,0.733508,6.056684,6.790191,58.518099516129,-4.459871516,326.115764,174.77253,151.343234,150.609726
7,M,1,6,46.378708,10.385993,8.200028,18.586021,58.518099516129,-12.13939152,96.748506,42.520192,54.228315,43.842322
7,M,1,7,66.366272,0.046972,24.34607,24.393042,58.518099516129,7.8481724839,115.207462,50.79606,64.411402,64.36443
7,M,1,8,51.781052,2.317009,4.257582,6.574591,58.518099516129,-6.737047516,158.148332,93.530803,64.617529,62.30052
7,M,1,9,51.192863,9.964371,11.532399,21.49677,58.518099516129,-7.325236516,23.104219,0.824356,22.279864,12.315493
7,M,1,10,51.202278,6.722235,17.292627,24.014862,58.518099516129,-7.315821516,90.020256,51.639012,38.381244,31.659009
7,M,1,11,55.829872,5.966417,20.250229,26.216646,58.518099516129,-2.688227516,242.081163,166.402748,75.678414,69.711997
7,M,1,12,163.203156,26.376278,57.755923,84.132201,58.518099516129,104.68505648,404.63028,110.115837,294.514443,268.138165
7,M,1,13,60.113327,0.991498,12.457084,13.448582,58.518099516129,1.5952274839,808.028328,305.267525,502.760803,501.769305
7,M,1,14,41.227654,0.67975,1.142729,1.82248,58.518099516129,-17.29044552,57.269117,26.822513,30.446603,29.766853
7,M,1,15,44.078949,2.183027,11.381257,13.564284,58.518099516129,-14.43915052,177.952395,150.409308,27.543087,25.36006
7,M,1,16,78.482094,0.605376,3.861558,4.466933,58.518099516129,19.963994484,981.043577,652.277068,328.766509,328.161133
7,M,2,1,45.76931,4.991372,11.643761,16.635133,58.518099516129,-12.74878952,458.87117,315.636529,143.234641,138.243269
7,M,2,2,37.90947,2.411598,6.801091,9.212689,58.518099516129,-20.60862952,322.770252,80.411261,242.358991,239.947393
7,M,2,3,45.587334,0.144961,9.942377,10.087338,58.518099516129,-12.93076552,218.506533,168.30239,50.204143,50.059182
7,M,2,4,57.129906,0.482528,19.309044,19.791573,58.518099516129,-1.388193516,290.840662,187.371158,103.469505,102.986977
7,M,2,5,81.360146,8.238155,7.937532,16.175686,58.518099516129,22.842046484,669.313524,355.71379,313.599734,305.361579
7,M,2,6,45.388634,3.564569,22.609743,26.174312,58.518099516129,-13.12946552,249.022919,158.808797,90.214122,86.649553
7,M,2,7,61.325058,0.868513,4.747276,5.615789,58.518099516129,2.8069584839,1051.16679,734.574305,316.592487,315.723974
7,M,2,8,54.063683,3.451862,1.005515,4.457377,58.518099516129,-4.454416516,4198.85629,3804.14334,394.712952,391.26109
7,M,2,9,30.283302,6.939951,5.536946,12.476897,58.518099516129,-28.23479752,58.967193,41.784257,17.182937,10.242986
7,M,2,10,47.267731,4.003473,9.97361,13.977082,58.518099516129,-11.25036852,237.756922,64.793369,172.963553,168.96008
7,M,2,11,55.268555,0.517716,33.943077,34.460793,58.518099516129,-3.249544516,115.401569,36.219809,79.18176,78.664044
7,M,2,12,58.228424,3.713115,24.261781,27.974895,58.518099516129,-0.289675516,221.989182,102.836547,119.152636,115.439521
7,M,2,13,58.698059,9.947533,11.965428,21.912961,58.518099516129,0.1799594839,483.313891,228.251929,255.061963,245.11443
7,M,2,14,75.434235,6.580475,10.328556,16.90903,58.518099516129,16.916135484,140.352939,47.880216,92.472723,85.892248
7,M,2,15,75.867157,4.90308,80.236065,85.139146,58.518099516129,17.349057484,263.891643,176.527217,87.364425,82.461345
7,M,2,16,40.297989,0.893471,11.076966,11.970437,58.518099516129,-18.22011052,967.330386,579.213477,388.116908,387.223437
7,M,3,1,55.405548,10.70087,14.629922,25.330793,58.518099516129,-3.112551516,505.839358,264.100363,241.738996,231.038126
7,M,3,2,44.641388,4.552091,6.37657,10.92866,58.518099516129,-13.87671152,103.262642,39.022054,64.240589,59.688498
7,M,3,3,66.49913,8.343253,3.114388,11.457641,58.518099516129,7.9810304839,55.914596,29.023827,26.890769,18.547516
7,M,3,4,47.103874,4.328566,6.123001,10.451567,58.518099516129,-11.41422552,88.550274,47.36678,41.183495,36.854929
7,M,3,5,58.473083,1.302184,5.766646,7.06883,58.518099516129,-0.045016516,99.228967,46.650177,52.57879,51.276606
7,M,3,6,41.271912,5.610535,23.65178,29.262315,58.518099516129,-17.24618752,482.941631,341.851943,141.089687,135.479152
7,M,3,7,49.745369,3.348218,5.802362,9.15058,58.518099516129,-8.772730516,750.879925,360.097628,390.782298,387.43408
7,M,3,8,62.788879,0.038855,58.434357,58.473212,58.518099516129,4.2707794839,330.365856,244.477068,85.888787,85.849932
7,M,3,9,58.387016,3.786196,9.227367,13.013563,58.518099516129,-0.131083516,716.94582,365.559933,351.385887,347.599691
7,M,3,10,49.454681,2.00359,0.322126,2.325716,58.518099516129,-9.063418516,207.253264,145.545037,61.708227,59.704637
7,M,3,11,47.72963,16.576822,9.773802,26.350624,58.518099516129,-10.78846952,198.479544,105.52524,92.954304,76.377482
7,M,3,12,65.926018,0.116113,28.892625,29.008738,58.518099516129,7.4079184839,1115.48808,842.270229,273.217847,273.101734
7,M,3,13,67.174248,3.138332,18.454688,21.59302,58.518099516129,8.6561484839,581.882314,197.062712,384.819602,381.68127
7,M,3,14,39.871201,7.459105,6.357988,13.817093,58.518099516129,-18.64689852,761.315722,306.532313,454.78341,447.324305
7,M,3,15,44.334274,3.811011,16.332032,20.143043,58.518099516129,-14.18382552,164.90005,84.274647,80.625403,76.814392
7,M,3,16,60.192055,8.506525,15.49195,23.998475,58.518099516129,1.6739554839,443.101838,266.162278,176.93956,168.433035
7,M,4,1,73.016869,8.698218,5.170919,13.869137,58.518099516129,14.498769484,58.137157,19.520051,38.617107,29.918889
7,M,4,2,60.72155,4.179086,50.734566,54.913652,58.518099516129,2.2034504839,963.92302,545.708403,418.214618,414.035532
7,M,4,3,127.805008,8.790411,47.768615,56.559026,58.518099516129,69.286908484,345.778274,196.059885,149.718389,140.927978
7,M,4,4,52.647743,15.283284,22.249585,37.532869,58.518099516129,-5.870356516,529.777665,399.419246,130.358419,115.075135
7,M,4,5,51.826012,16.734103,5.805871,22.539974,58.518099516129,-6.692087516,909.124321,680.665127,228.459193,211.72509
7,M,4,6,57.67511,14.903438,19.372321,34.275759,58.518099516129,-0.842989516,275.827876,124.658034,151.169842,136.266404
7,M,4,7,48.140701,24.626846,21.191407,45.818253,58.518099516129,-10.37739852,162.111624,130.300971,31.810653,7.183807
7,M,4,8,61.023483,2.253101,33.305414,35.558515,58.518099516129,2.5053834839,469.938618,389.256594,80.682024,78.428923
7,M,4,9,86.336334,9.653767,13.332547,22.986314,58.518099516129,27.818234484,933.169748,565.294734,367.875013,358.221246
7,M,4,10,58.247185,5.874162,19.685191,25.559353,58.518099516129,-0.270914516,115.065234,55.307469,59.757765,53.883603
7,M,4,11,51.818832,12.717246,15.764152,28.481399,58.518099516129,-6.699267516,232.191058,122.677747,109.513311,96.796065
7,M,4,12,77.742798,0.172494,9.802014,9.974508,58.518099516129,19.224698484,213.644054,198.103456,15.540598,15.368104
7,M,4,13,52.372475,4.654146,15.41808,20.072225,58.518099516129,-6.145624516,98.140669,37.445059,60.695611,56.041465
7,M,4,14,54.230354,27.252505,42.521004,69.773509,58.518099516129,-4.287745516,108.660369,61.589074,47.071295,19.81879
7,M,4,15,63.039703,17.472996,16.241387,33.714384,58.518099516129,4.5216034839,367.741907,172.096353,195.645553,178.172557
7,M,4,16,33.454823,20.534236,26.204879,46.739114,58.518099516129,-25.06327652,0.991016,0.991016,0,-20.534236
8,M,1,1,11.383635,0.127114,5.222394,5.349508,19.659866296875,-8.276231297,394.009976,205.051162,188.958814,188.8317
8,M,1,2,23.866575,0.556714,5.694636,6.251349,19.659866296875,4.2067087031,259.279853,58.500765,200.779088,200.222374
8,M,1,3,11.929731,1.271407,3.482012,4.753419,19.659866296875,-7.730135297,674.195517,626.06546,48.130057,46.85865
8,M,1,4,30.746244,20.409257,6.983235,27.392492,19.659866296875,11.086377703,388.921825,91.966139,296.955686,276.546429
8,M,1,5,10.711672,1.831602,9.183243,11.014845,19.659866296875,-8.948194297,1241.22685,1042.43141,198.795444,196.963842
8,M,1,6,56.844658,1.148179,6.715271,7.86345,19.659866296875,37.184791703,1582.77325,837.887749,744.885505,743.737326
8,M,1,7,17.201639,0.790923,0.498048,1.288971,19.659866296875,-2.458227297,313.733792,140.839682,172.89411,172.103187
8,M,1,8,52.176102,21.434858,13.271753,34.706611,19.659866296875,32.516235703,686.319535,296.084838,390.234697,368.799839
8,M,1,9,58.675751,2.00802,4.585805,6.593825,19.659866296875,39.015884703,203.80045,134.378519,69.421932,67.413912
8,M,1,10,58.871452,5.496747,8.012146,13.508893,19.659866296875,39.211585703,608.492692,460.77669,147.716003,142.219256
8,M,1,11,28.866758,4.354613,3.219083,7.573696,19.659866296875,9.2068917031,591.064878,290.302636,300.762242,296.407629
8,M,1,12,11.096449,1.985581,8.592399,10.57798,19.659866296875,-8.563417297,790.289373,333.774544,456.514828,454.529247
8,M,1,13,10.974028,0.2312,1.379853,1.611053,19.659866296875,-8.685838297,402.007427,275.350118,126.657309,126.426109
8,M,1,14,16.368036,6.976958,2.861564,9.838521,19.659866296875,-3.291830297,139.541928,65.97094,73.570988,66.59403
8,M,1,15,9.671301,0.524309,2.479306,3.003614,19.659866296875,-9.988565297,269.094783,91.405986,177.688797,177.164488
8,M,1,16,41.664116,0.87241,0.74072,1.61313,19.659866296875,22.004249703,76.870779,21.549459,55.32132,54.44891
8,M,2,1,16.036245,4.1163,4.186812,8.303112,19.659866296875,-3.623621297,308.700828,99.340183,209.360645,205.244345
8,M,2,2,12.029234,1.962038,4.194122,6.156161,19.659866296875,-7.630632297,211.177695,79.389052,131.788643,129.826605
8,M,2,3,12.456686,0.674871,0.681189,1.35606,19.659866296875,-7.203180297,59.133855,17.646668,41.487186,40.812315
8,M,2,4,12.90103,1.980723,7.026828,9.007552,19.659866296875,-6.758836297,41.820731,4.455302,37.365429,35.384706
8,M,2,5,27.421465,7.087387,8.674737,15.762124,19.659866296875,7.7615987031,62.03768,23.537896,38.499784,31.412397
8,M,2,6,37.440331,0.53842,4.594482,5.132903,19.659866296875,17.780464703,497.941935,215.951217,281.990718,281.452298
8,M,2,7,11.864927,2.229168,1.601251,3.830419,19.659866296875,-7.794939297,73.163844,28.175692,44.988151,42.758983
8,M,2,8,10.322348,2.526504,7.224964,9.751468,19.659866296875,-9.337518297,200.479618,59.004927,141.474692,138.948188
8,M,2,9,11.944857,0.298803,1.748168,2.04697,19.659866296875,-7.715009297,166.793526,48.194629,118.598897,118.300094
8,M,2,10,14.865507,0.925338,2.900352,3.825691,19.659866296875,-4.794359297,34.252994,3.045072,31.207923,30.282585
8,M,2,11,23.83457,2.152265,0.628116,2.780381,19.659866296875,4.1747037031,29.499216,5.133668,24.365548,22.213283
8,M,2,12,9.371561,4.620306,4.349596,8.969903,19.659866296875,-10.2883053,27.034992,2.248741,24.786251,20.165945
8,M,2,13,14.417402,0.026275,0.521326,0.547602,19.659866296875,-5.242464297,414.984717,99.007465,315.977252,315.950977
8,M,2,14,16.383512,6.548434,4.377848,10.926282,19.659866296875,-3.276354297,28.095205,7.471201,20.624004,14.07557
8,M,2,15,14.728411,2.216826,1.257192,3.474018,19.659866296875,-4.931455297,90.177913,36.004647,54.173265,51.956439
8,M,2,16,32.526093,1.056128,10.58404,11.640168,19.659866296875,12.866226703,131.243633,31.573049,99.670583,98.614455
8,M,3,1,20.280603,7.528376,1.664423,9.192799,19.659866296875,0.6207367031,57.233826,18.249178,38.984648,31.456272
8,M,3,2,26.234922,1.622998,5.050395,6.673393,19.659866296875,6.5750557031,223.527455,58.132214,165.395242,163.772244
8,M,3,3,10.640203,0.125652,1.014143,1.139796,19.659866296875,-9.019663297,152.727537,23.16119,129.566348,129.440696
8,M,3,4,13.794493,11.017206,3.119027,14.136233,19.659866296875,-5.865373297,35.965435,3.048778,32.916657,21.899451
8,M,3,5,12.39509,3.914995,4.56128,8.476275,19.659866296875,-7.264776297,155.129098,45.881597,109.247501,105.332506
8,M,3,6,13.092245,0.261227,4.464254,4.725481,19.659866296875,-6.567621297,147.281375,60.465935,86.815439,86.554212
8,M,3,7,50.684639,9.669173,4.075295,13.744468,19.659866296875,31.024772703,172.257185,81.473483,90.783702,81.114529
8,M,3,8,11.552813,0.492326,1.736585,2.228911,19.659866296875,-8.107053297,97.109662,43.236813,53.872848,53.380522
8,M,3,9,30.50004,5.266431,3.861283,9.127714,19.659866296875,10.840173703,42.049739,16.355178,25.694561,20.42813
8,M,3,10,13.048449,0.458088,19.248512,19.706601,19.659866296875,-6.611417297,83.195602,33.880878,49.314724,48.856636
8,M,3,11,10.378531,2.080284,7.899495,9.97978,19.659866296875,-9.281335297,169.732405,59.00159,110.730815,108.650531
8,M,3,12,12.061811,0.595521,1.612058,2.207579,19.659866296875,-7.598055297,75.592679,18.702215,56.890465,56.294944
8,M,3,13,11.312429,1.532635,5.299131,6.831766,19.659866296875,-8.347437297,32.166895,10.500059,21.666836,20.134201
8,M,3,14,11.694078,0.464298,4.385831,4.85013,19.659866296875,-7.965788297,242.522481,65.55117,176.971312,176.507014
8,M,3,15,11.016535,0.016628,5.960535,5.977164,19.659866296875,-8.643331297,223.539435,126.43384,97.105595,97.088967
8,M,3,16,8.276884,0.522572,1.208536,1.731108,19.659866296875,-11.3829823,26.609595,9.224588,17.385007,16.862435
8,M,4,1,11.574972,0.20675,1.627104,1.833854,19.659866296875,-8.084894297,171.729805,80.105461,91.624343,91.417593
8,M,4,2,10.269438,0.916167,7.985481,8.901648,19.659866296875,-9.390428297,123.400341,81.506913,41.893428,40.977261
8,M,4,3,10.595427,0.492531,1.050866,1.543397,19.659866296875,-9.064439297,365.023089,5.923696,359.099393,358.606862
8,M,4,4,30.303045,0.037073,17.912534,17.949607,19.659866296875,10.643178703,177.591426,74.71168,102.879745,102.842672
8,M,4,5,11.144949,0.220028,4.692745,4.912772,19.659866296875,-8.514917297,84.239959,29.046367,55.193591,54.973563
8,M,4,6,10.73625,0.112782,1.124782,1.237563,19.659866296875,-8.923616297,265.271818,115.399732,149.872086,149.759304
8,M,4,7,14.798655,3.624163,1.632203,5.256366,19.659866296875,-4.861211297,183.414326,28.501322,154.913004,151.288841
8,M,4,8,10.491827,0.695565,1.364948,2.060513,19.659866296875,-9.168039297,20.170308,5.758559,14.411748,13.716183
8,M,4,9,11.210604,3.351054,7.401355,10.752409,19.659866296875,-8.449262297,128.171717,23.95662,104.215097,100.864043
8,M,4,10,20.950117,2.589529,3.173202,5.762732,19.659866296875,1.2902507031,23.120191,6.843155,16.277036,13.687507
8,M,4,11,11.86323,1.381528,3.313381,4.694909,19.659866296875,-7.796636297,59.421443,23.405505,36.015938,34.63441
8,M,4,12,59.217201,16.203745,19.079547,35.283293,19.659866296875,39.557334703,228.06273,99.272656,128.790074,112.586329
8,M,4,13,15.274839,4.500123,9.549057,14.04918,19.659866296875,-4.385027297,102.251947,59.251038,43.000909,38.500786
8,M,4,14,9.44869,2.291554,2.615976,4.907529,19.659866296875,-10.2111763,38.954678,23.647834,15.306844,13.01529
8,M,4,15,12.957117,0.160965,5.042569,5.203534,19.659866296875,-6.702749297,90.76185,54.645186,36.116664,35.955699
8,M,4,16,10.838991,0.383706,7.068448,7.452154,19.659866296875,-8.820875297,136.91105,45.031886,91.879164,91.495458
9,F,1,1,76.587189,20.773246,35.360704,56.13395,79.1893235714286,-2.602134571,97.775035,22.968237,74.806798,54.033552
9,F,1,2,58.26165,7.136581,4.266873,11.403454,79.1893235714286,-20.92767357,27.598983,10.16726,17.431722,10.295141
9,F,1,3,62.433907,5.363803,7.066725,12.430528,79.1893235714286,-16.75541657,141.971604,92.856711,49.114893,43.75109
9,F,1,4,86.806358,7.058471,24.904485,31.962956,79.1893235714286,7.6170344286,38.876586,15.15312,23.723465,16.664994
9,F,1,5,85.477905,9.815398,15.192677,25.008075,79.1893235714286,6.2885814286,46.315518,24.628474,21.687043,11.871645
9,F,1,6,67.979279,1.882513,537.460829,539.343342,79.1893235714286,-11.21004457,587.54808,323.860348,263.687732,261.805219
9,F,1,7,74.147606,6.666289,14.449128,21.115417,79.1893235714286,-5.041717571,111.06822,51.689647,59.378573,52.712284
9,F,1,8,86.698837,16.943856,40.502224,57.446079,79.1893235714286,7.5095134286,28.674274,10.139948,18.534326,1.59047
9,F,1,9,54.183289,1.209809,18.214999,19.424808,79.1893235714286,-25.00603457,448.360185,197.560374,250.799811,249.590002
9,F,1,10,68.900612,8.560048,5.830125,14.390173,79.1893235714286,-10.28871157,14.872763,3.830831,11.041932,2.481884
9,F,1,11,83.31015,7.605964,37.884891,45.490855,79.1893235714286,4.1208264286,39.976692,19.991205,19.985487,12.379523
9,F,1,12,75.513481,20.472169,28.779148,49.251317,79.1893235714286,-3.675842571,22.275161,6.938721,15.33644,-5.135729
9,F,1,13,89.324989,13.611498,31.119516,44.731014,79.1893235714286,10.135665429,35.321328,8.922579,26.398749,12.787251
9,F,1,14,82.452095,22.003368,34.88297,56.886338,79.1893235714286,3.2627714286,182.247332,53.445454,128.801878,106.79851
9,F,1,15,85.618851,11.132551,18.934402,30.066953,79.1893235714286,6.4295274286,868.840543,580.041445,288.799098,277.666547
9,F,1,16,62.187607,16.727649,11.821923,28.549572,79.1893235714286,-17.00171657,150.817286,65.502332,85.314954,68.587305
9,F,2,1,95.514618,10.536018,41.041832,51.57785,79.1893235714286,16.325294429,128.521266,71.936011,56.585255,46.049237
9,F,2,2,85.51622,15.978461,26.482818,42.461278,79.1893235714286,6.3268964286,627.465971,333.875358,293.590613,277.612152
9,F,2,3,93.777824,9.751325,22.06985,31.821175,79.1893235714286,14.588500429,1007.50188,775.578098,231.923786,222.172461
9,F,2,4,93.779854,15.068083,32.174543,47.242626,79.1893235714286,14.590530429,395.230133,225.499119,169.731014,154.662931
9,F,2,5,74.150528,4.602903,5.321234,9.924138,79.1893235714286,-5.038795571,228.475452,147.495869,80.979582,76.376679
9,F,2,6,65.922661,1.075078,8.559563,9.634641,79.1893235714286,-13.26666257,76.702323,36.75438,39.947943,38.872865
9,F,2,7,79.252106,16.354684,11.555078,27.909762,79.1893235714286,0.0627824286,101.553055,44.930626,56.622429,40.267745
9,F,2,8,105.673355,8.125662,33.381743,41.507405,79.1893235714286,26.484031429,1135.10668,846.402421,288.704254,280.578592
9,F,2,9,69.05896,4.300329,4.790653,9.090982,79.1893235714286,-10.13036357,602.669523,253.427695,349.241828,344.941499
9,F,2,10,93.942169,12.328116,20.40263,32.730746,79.1893235714286,14.752845429,1031.96645,652.795938,379.170509,366.842393
9,F,2,11,64.021225,1.764713,1.893158,3.657871,79.1893235714286,-15.16809857,750.019579,390.90897,359.110609,357.345896
9,F,2,12,85.542557,0.473501,15.47762,15.951121,79.1893235714286,6.3532334286,1.493079,1.493079,0,-0.473501
9,F,2,13,91.49231,7.020671,29.810875,36.831546,79.1893235714286,12.302986429,751.665877,476.078237,275.58764,268.566969
9,F,2,14,80.357178,12.431957,12.851288,25.283245,79.1893235714286,1.1678544286,498.244138,154.155082,344.089056,331.657099
9,F,2,15,53.348015,7.004221,0.774515,7.778736,79.1893235714286,-25.84130857,1003.40875,541.046828,462.361919,455.357698
9,F,2,16,69.504974,12.187457,7.622048,19.809505,79.1893235714286,-9.684349571,825.891253,482.859584,343.031669,330.844212
9,F,3,1,80.766144,7.865969,9.924266,17.790235,79.1893235714286,1.5768204286,178.252978,109.814339,68.438639,60.57267
9,F,3,2,77.166817,29.228323,10.563722,39.792044,79.1893235714286,-2.022506571,1890.86248,1224.24883,666.613649,637.385326
9,F,3,3,75.664909,5.938793,2.377965,8.316758,79.1893235714286,-3.524414571,933.881004,619.357561,314.523443,308.58465
9,F,3,4,104.368881,2.846932,11.071194,13.918126,79.1893235714286,25.179557429,354.100963,277.76318,76.337783,73.490851
9,F,3,5,86.588699,14.602907,4.700452,19.303359,79.1893235714286,7.3993754286,475.704277,173.358199,302.346078,287.743171
9,F,3,6,116.112473,3.83395,54.066235,57.900185,79.1893235714286,36.923149429,581.335463,364.38972,216.945743,213.111793
9,F,3,7,63.046753,7.354816,9.783754,17.13857,79.1893235714286,-16.14257057,798.653904,483.365533,315.288371,307.933555
9,F,3,8,61.218735,6.095018,6.677633,12.77265,79.1893235714286,-17.97058857,621.229884,315.412328,305.817556,299.722538
9,F,3,9,73.264427,17.146519,7.728655,24.875174,79.1893235714286,-5.924896571,391.872743,259.391178,132.481565,115.335046
9,F,3,10,71.820709,10.573576,9.572949,20.146525,79.1893235714286,-7.368614571,335.089213,167.478876,167.610337,157.036761
9,F,3,11,74.84272,15.565134,7.638391,23.203525,79.1893235714286,-4.346603571,571.295645,362.989305,208.30634,192.741206
9,F,3,12,76.243912,5.378675,2.445877,7.824551,79.1893235714286,-2.945411571,88.842514,28.527353,60.315161,54.936486
9,F,3,13,89.813469,11.782159,29.299685,41.081844,79.1893235714286,10.624145429,175.0718,71.142637,103.929163,92.147004
9,F,3,14,58.725243,11.884121,27.218074,39.102195,79.1893235714286,-20.46408057,436.729672,194.970705,241.758967,229.874846
9,F,3,15,56.633919,8.6304,14.624959,23.255359,79.1893235714286,-22.55540457,183.091204,88.015428,95.075776,86.445376
9,F,3,16,89.656067,12.133201,16.29139,28.424592,79.1893235714286,10.466743429,511.766859,137.364823,374.402036,362.268835
9,F,4,1,98.170639,6.631859,16.272809,22.904668,79.1893235714286,18.981315429,83.898166,37.194122,46.704044,40.072185
9,F,4,2,104.618835,7.845092,10.533327,18.378419,79.1893235714286,25.429511429,378.502862,200.198363,178.304498,170.459406
9,F,4,3,83.245651,4.263368,4.30201,8.565378,79.1893235714286,4.0563274286,1202.08171,593.242152,608.839559,604.576191
9,F,4,4,51.647491,1.671339,22.595661,24.267,79.1893235714286,-27.54183257,202.808398,140.969802,61.838596,60.167257
9,F,4,5,85.378395,8.928722,6.697618,15.62634,79.1893235714286,6.1890714286,177.418391,85.270607,92.147785,83.219063
9,F,4,6,71.956718,12.395047,3.00427,15.399317,79.1893235714286,-7.232605571,50.008743,15.571275,34.437468,22.042421
9,F,4,7,75.389145,16.071358,14.705378,30.776736,79.1893235714286,-3.800178571,442.864928,139.832793,303.032135,286.960777
9,F,4,8,77.960297,18.35117,20.005819,38.356989,79.1893235714286,-1.229026571,231.856207,100.449255,131.406952,113.055782
9,F,4,9,98.495789,4.240156,22.662055,26.902211,79.1893235714286,19.306465429,367.164824,161.696825,205.467998,201.227842
9,F,4,10,106.015869,2.659193,38.743434,41.402627,79.1893235714286,26.826545429,375.507231,133.959339,241.547892,238.888699
9,F,4,11,68.588928,12.729525,8.114427,20.843952,79.1893235714286,-10.60039557,613.130436,420.944774,192.185663,179.456138
9,F,4,12,79.423744,11.8564,7.517968,19.374367,79.1893235714286,0.2344204286,115.839763,39.799354,76.040409,64.184009
9,F,4,13,57.382439,2.1414,13.788488,15.929888,79.1893235714286,-21.80688457,70.936424,21.420541,49.515882,47.374482
9,F,4,15,89.358841,8.653369,3.656127,12.309496,79.1893235714286,10.169517429,111.951549,60.687126,51.264423,42.611054
9,F,4,16,84.622368,16.235918,20.86481,37.100728,79.1893235714286,5.4330444286,734.525408,507.693906,226.831502,210.595584
10,F,1,1,65.733513,5.749568,4.235559,9.985127,71.98814821875,-6.254635219,116.259772,73.787308,42.472464,36.722896
10,F,1,2,80.19297,1.969348,3.10043,5.069778,71.98814821875,8.2048217813,320.555606,189.670011,130.885595,128.916247
10,F,1,3,66.379929,3.548365,2.455645,6.00401,71.98814821875,-5.608219219,319.301598,111.588689,207.712908,204.164543
10,F,1,4,66.739143,6.63535,8.55108,15.18643,71.98814821875,-5.249005219,71.192649,25.366198,45.826451,39.191101
10,F,1,5,59.160202,0.501207,1.176382,1.67759,71.98814821875,-12.82794622,366.261867,148.674408,217.587459,217.086252
10,F,1,6,75.509239,4.034293,5.875954,9.910247,71.98814821875,3.5210907813,93.837529,20.167086,73.670443,69.63615
10,F,1,7,49.880554,2.343313,7.501806,9.84512,71.98814821875,-22.10759422,389.755209,115.780203,273.975006,271.631693
10,F,1,8,49.522949,5.889232,8.003924,13.893156,71.98814821875,-22.46519922,743.032173,462.890447,280.141725,274.252493
10,F,1,9,83.007004,0.371882,10.023145,10.395026,71.98814821875,11.018855781,525.634215,179.898467,345.735748,345.363866
10,F,1,10,77.419975,1.307148,1.060075,2.367224,71.98814821875,5.4318267813,348.925126,117.440195,231.484931,230.177783
10,F,1,11,76.457726,1.839997,1.204616,3.044613,71.98814821875,4.4695777813,362.340228,104.198,258.142228,256.302231
10,F,1,12,75.875313,3.276129,5.56635,8.842478,71.98814821875,3.8871647813,495.596845,188.783915,306.81293,303.536801
10,F,1,13,75.43364,4.019303,21.247751,25.267055,71.98814821875,3.4454917813,377.201036,235.225244,141.975793,137.95649
10,F,1,14,90.738358,2.885378,31.377306,34.262685,71.98814821875,18.750209781,88.524651,29.376821,59.14783,56.262452
10,F,1,15,101.135689,6.170346,23.636723,29.807069,71.98814821875,29.147540781,250.05416,116.30668,133.74748,127.577134
10,F,1,16,84.78833,14.490349,44.662932,59.153281,71.98814821875,12.800181781,325.907024,171.977829,153.929196,139.438847
10,F,2,1,81.975769,2.185794,11.768429,13.954223,71.98814821875,9.9876207813,87.889845,55.931668,31.958177,29.772383
10,F,2,2,71.525352,7.542208,7.675022,15.21723,71.98814821875,-0.462796219,70.269888,46.637456,23.632433,16.090225
10,F,2,3,72.780235,5.78698,10.232918,16.019898,71.98814821875,0.7920867813,102.581656,52.88456,49.697096,43.910116
10,F,2,4,81.575539,5.14233,6.4376,11.57993,71.98814821875,9.5873907813,35.158385,21.077617,14.080768,8.938438
10,F,2,5,63.011147,11.124261,7.667351,18.791612,71.98814821875,-8.977001219,226.724714,137.546391,89.178323,78.054062
10,F,2,6,80.54631,0.225534,18.526236,18.75177,71.98814821875,8.5581617813,1660.52091,1503.38406,157.136845,156.911311
10,F,2,7,56.117058,3.248755,8.516686,11.76544,71.98814821875,-15.87109022,227.099267,148.879908,78.219359,74.970604
10,F,2,8,89.822334,3.909587,15.787614,19.697201,71.98814821875,17.834185781,341.524871,193.179697,148.345175,144.435588
10,F,2,9,57.420952,1.063765,6.381662,7.445427,71.98814821875,-14.56719622,194.75908,99.490206,95.268875,94.20511
10,F,2,10,73.166527,0.229723,1.116849,1.346572,71.98814821875,1.1783787813,207.999773,120.132109,87.867664,87.637941
10,F,2,11,69.991409,2.840938,7.877169,10.718107,71.98814821875,-1.996739219,131.418297,94.750723,36.667573,33.826635
10,F,2,12,77.980408,3.858186,4.588617,8.446804,71.98814821875,5.9922597813,193.795966,135.047485,58.748481,54.890295
10,F,2,13,80.702797,4.574209,12.389661,16.96387,71.98814821875,8.7146487813,233.257367,183.075647,50.18172,45.607511
10,F,2,14,65.606171,0.257324,3.46553,3.722854,71.98814821875,-6.381977219,817.740434,543.369846,274.370588,274.113264
10,F,2,15,95.649162,2.079651,23.852152,25.931804,71.98814821875,23.661013781,195.927833,121.321792,74.606041,72.52639
10,F,2,16,78.616714,3.153942,12.365209,15.519151,71.98814821875,6.6285657813,96.684372,68.886111,27.798261,24.644319
10,F,3,1,83.077057,1.421864,1.925859,3.347723,71.98814821875,11.088908781,122.71336,77.823309,44.890051,43.468187
10,F,3,2,66.148796,14.703037,19.468517,34.171554,71.98814821875,-5.839352219,137.937606,75.743945,62.193661,47.490624
10,F,3,3,74.126549,4.521795,9.500168,14.021963,71.98814821875,2.1384007813,294.447901,132.005153,162.442748,157.920953
10,F,3,4,79.431717,6.864942,7.360915,14.225857,71.98814821875,7.4435687813,280.827215,113.695261,167.131954,160.267012
10,F,3,5,83.537743,6.249208,3.088303,9.337511,71.98814821875,11.549594781,562.141137,250.667762,311.473375,305.224167
10,F,3,6,51.4142,5.053421,3.87138,8.924801,71.98814821875,-20.57394822,128.065853,88.97976,39.086094,34.032673
10,F,3,7,81.763107,0.226933,5.010636,5.237569,71.98814821875,9.7749587813,664.688295,411.320305,253.367991,253.141058
10,F,3,8,70.842422,13.287181,14.529414,27.816595,71.98814821875,-1.145726219,97.562325,50.886597,46.675728,33.388547
10,F,3,9,75.11982,7.825646,9.67227,17.497917,71.98814821875,3.1316717813,78.413508,65.39018,13.023327,5.197681
10,F,3,10,62.869377,10.411119,10.975121,21.386241,71.98814821875,-9.118771219,1479.91303,1360.79439,119.118635,108.707516
10,F,3,11,76.212181,8.882451,10.526915,19.409365,71.98814821875,4.2240327813,125.332769,34.860965,90.471804,81.589353
10,F,3,12,72.473282,6.869752,14.414885,21.284637,71.98814821875,0.4851337813,543.813162,380.961828,162.851334,155.981582
10,F,3,13,67.339249,4.528923,7.133577,11.662501,71.98814821875,-4.648899219,100.038108,60.646848,39.39126,34.862337
10,F,3,14,59.709587,6.578125,8.101368,14.679492,71.98814821875,-12.27856122,735.303335,637.005722,98.297613,91.719488
10,F,3,15,70.563049,11.293843,9.719471,21.013314,71.98814821875,-1.425099219,217.578009,132.008326,85.569683,74.27584
10,F,3,16,79.354111,6.549925,15.766514,22.316439,71.98814821875,7.3659627813,29.135913,14.248849,14.887064,8.337139
10,F,4,1,73.672546,1.708374,6.658519,8.366893,71.98814821875,1.6843977813,359.621433,191.87109,167.750343,166.041969
10,F,4,2,82.573395,2.716601,6.861363,9.577964,71.98814821875,10.585246781,112.651321,85.529433,27.121887,24.405286
10,F,4,3,76.11869,12.397943,14.168819,26.566762,71.98814821875,4.1305417813,92.225488,42.452285,49.773203,37.37526
10,F,4,4,86.626747,1.568798,31.713431,33.28223,71.98814821875,14.638598781,79.167141,26.794691,52.372451,50.803653
10,F,4,5,69.836517,0.443061,15.227679,15.67074,71.98814821875,-2.151631219,696.857426,461.136029,235.721397,235.278336
10,F,4,6,68.790817,1.149407,7.370038,8.519446,71.98814821875,-3.197331219,43.919207,31.290358,12.62885,11.479443
10,F,4,7,61.960251,0.944554,14.261123,15.205678,71.98814821875,-10.02789722,608.564668,240.958629,367.606038,366.661484
10,F,4,8,77.181313,5.101245,7.011455,12.1127,71.98814821875,5.1931647813,65.514812,23.534179,41.980633,36.879388
10,F,4,9,74.943779,5.375663,15.001029,20.376692,71.98814821875,2.9556307813,131.071222,58.997508,72.073714,66.698051
10,F,4,10,59.890312,4.173711,25.129343,29.303054,71.98814821875,-12.09783622,505.266888,275.098047,230.168841,225.99513
10,F,4,11,50.219032,8.919908,13.885432,22.805341,71.98814821875,-21.76911622,379.164312,210.871706,168.292605,159.372697
10,F,4,12,55.782265,0.846517,0.206605,1.053122,71.98814821875,-16.20588322,427.441748,348.280982,79.160766,78.314249
10,F,4,13,60.907806,7.24091,10.082425,17.323334,71.98814821875,-11.08034222,97.174485,30.330801,66.843684,59.602774
10,F,4,14,66.234711,0.746521,4.489793,5.236314,71.98814821875,-5.753437219,94.522269,42.737684,51.784585,51.038064
10,F,4,15,59.420479,10.968614,6.246376,17.21499,71.98814821875,-12.56766922,94.799994,55.202518,39.597476,28.628862
10,F,4,16,54.638161,2.472812,21.004674,23.477486,71.98814821875,-17.34998722,31.731058,19.141523,12.589535,10.116723
