CreationTime,UserID,Identifier,Success,Deviation,DeviationVectorX,TimeForSelection,DimensionOfTarget,DeviationVectorZ,DeviationVectorY,ProjectedSizeOfTarget,MarkedAsOutlier,IsOnRay
2018-08-08 07:13:12 +0000,0,PenWithoutHighlighting,false,25.3513,-6.29693,4.20075809955597,4.0,-26.9374,3.8859,0.558188,,
2018-08-08 07:13:14 +0000,0,PenWithoutHighlighting,false,32.3164,-11.2316,2.86639904975891,2.0,-31.7178,2.83733,0.156269,,
2018-08-08 07:13:29 +0000,0,PenWithoutHighlighting,false,15.2921,-6.68145,14.626561999321,1.0,-14.6418,0.463075,0.198881,,
2018-08-08 07:13:33 +0000,0,PenWithoutHighlighting,false,41.2383,-10.9731,4.39891195297241,3.0,-41.5503,2.77215,0.309781,,
2018-08-08 07:13:53 +0000,0,PenWithoutHighlighting,false,57.3021,53.8051,19.597247004509,2.0,-1.53738,23.3337,21.2768,true,
2018-08-08 07:15:00 +0000,0,PenWithoutHighlighting,false,35.8213,-6.14721,4.7972719669342,2.0,-36.0926,6.90454,0.200665,,
2018-08-08 07:15:18 +0000,0,PenWithoutHighlighting,false,52.9748,-21.6983,18.0989850759506,4.0,-51.3652,3.5637,0.757511,,
2018-08-08 07:15:24 +0000,0,PenWithoutHighlighting,false,58.1996,-16.8126,5.29765808582306,2.0,-56.6043,8.08696,0.111612,,
2018-08-08 07:15:27 +0000,0,PenWithoutHighlighting,false,52.3561,-4.15204,3.5983270406723,4.0,-55.0205,-0.905947,0.496143,,
2018-08-08 07:15:30 +0000,0,PenWithoutHighlighting,false,55.8912,-5.0261,2.50010693073273,2.0,-56.2633,-10.3335,0.132686,,
2018-08-08 07:15:32 +0000,0,PenWithoutHighlighting,false,29.5952,-11.2569,2.59993302822113,1.0,-28.2222,-0.403184,0.0952684,,
2018-08-08 07:15:36 +0000,0,PenWithoutHighlighting,false,39.9679,-2.73977,3.89890098571777,3.0,-41.8741,4.24941,0.397632,,
2018-08-08 07:15:41 +0000,0,PenWithoutHighlighting,false,41.4456,-12.3752,4.80043590068817,2.0,-41.1047,2.94529,0.230542,,
2018-08-08 07:15:43 +0000,0,PenWithoutHighlighting,false,52.4988,-12.6502,1.89826309680939,2.0,-51.1792,11.3666,0.136082,,
2018-08-08 07:15:46 +0000,0,PenWithoutHighlighting,false,44.11,-0.63387,2.70229601860046,1.0,-44.8595,0.200588,0.0382155,,
2018-08-08 07:15:47 +0000,0,PenWithoutHighlighting,false,43.4345,-5.95455,1.39868700504303,4.0,-46.1671,-2.91744,0.685716,,
2018-08-08 07:15:49 +0000,0,PenWithoutHighlighting,false,63.5732,-17.3105,1.70041704177856,2.0,-62.8644,-0.105174,0.112704,,
2018-08-08 07:15:58 +0000,0,PenWithoutHighlighting,false,41.8027,-18.3835,9.49615693092346,4.0,-40.8407,2.17024,1.32983,,
2018-08-08 07:16:07 +0000,0,PenWithoutHighlighting,false,27.084,-7.5396,9.30329501628876,1.0,-26.8974,-0.880069,0.131843,,
2018-08-08 07:16:12 +0000,0,PenWithoutHighlighting,false,45.0069,-19.4891,4.69225203990936,3.0,-41.3047,11.3733,0.522168,,
2018-08-08 07:16:15 +0000,0,PenWithoutHighlighting,false,57.2971,-10.9002,2.59936392307281,2.0,-57.8832,1.01458,0.159125,,
2018-08-08 07:16:17 +0000,0,PenWithoutHighlighting,false,36.1461,-11.0301,2.30048906803131,4.0,-37.6862,-4.54515,1.64358,,
2018-08-08 07:16:26 +0000,0,PenWithoutHighlighting,false,53.0254,-19.8101,9.09596395492554,1.0,-48.7995,10.521,0.0562701,,
2018-08-08 07:16:50 +0000,0,PenWithoutHighlighting,false,30.6362,-11.5611,23.8288930654526,4.0,-30.7417,3.49315,1.60402,,
2018-08-08 07:17:04 +0000,0,PenWithoutHighlighting,false,34.5603,-9.63383,14.1631569862366,1.0,-33.9384,1.12009,0.115762,,
2018-08-08 07:17:11 +0000,0,PenWithoutHighlighting,false,49.6263,-15.9509,6.70183801651001,2.0,-48.5248,2.83468,0.214421,,
2018-08-08 07:17:13 +0000,0,PenWithoutHighlighting,false,58.1133,-14.9116,1.80069100856781,3.0,-58.196,6.26567,0.332822,,
2018-08-08 07:17:38 +0000,0,PenWithoutHighlighting,false,53.8067,-11.3164,25.0952270030975,4.0,-55.7496,4.29528,0.665688,,
2018-08-08 07:18:08 +0000,0,PenWithoutHighlighting,false,30.5179,15.5759,30.3978459835052,4.0,-22.2791,19.5257,2.92444,true,
2018-08-08 07:18:17 +0000,0,PenWithoutHighlighting,false,32.3331,-9.7528,2.79650902748108,4.0,-33.9468,2.42192,1.15422,,
2018-08-08 07:18:19 +0000,0,PenWithoutHighlighting,false,42.6988,-9.87721,2.10158693790436,1.0,-41.7348,-7.57257,0.0611423,,
2018-08-08 07:18:21 +0000,0,PenWithoutHighlighting,false,49.0954,-18.7012,2.2989729642868,1.0,-46.2394,1.12882,0.0449742,,
2018-08-08 07:18:25 +0000,0,PenWithoutHighlighting,false,28.4279,-8.34928,3.13705503940582,1.0,-27.5932,-5.06387,0.103509,,
2018-08-08 07:18:30 +0000,0,PenWithoutHighlighting,false,36.2958,-5.50938,5.66067802906036,4.0,-38.4631,4.68341,0.882993,,
2018-08-08 07:18:33 +0000,0,PenWithoutHighlighting,false,50.0235,-20.8955,2.46765899658203,4.0,-48.6292,-5.37455,0.808703,,
2018-08-08 07:18:36 +0000,0,PenWithoutHighlighting,false,68.328,-16.2911,3.29991495609283,1.0,-67.0665,-4.40373,0.0318955,,
2018-08-08 07:18:40 +0000,0,PenWithoutHighlighting,false,50.9338,-8.82998,3.53160107135773,1.0,-50.2433,8.02381,0.035039,,
2018-08-08 07:18:44 +0000,0,PenWithoutHighlighting,false,57.2658,-23.5633,4.56583499908447,2.0,-53.9746,-1.74384,0.189546,,
2018-08-08 07:18:47 +0000,0,PenWithoutHighlighting,false,47.9681,-19.844,2.93147301673889,3.0,-45.5799,5.74984,0.462995,,
2018-08-08 07:18:49 +0000,0,PenWithoutHighlighting,false,41.8757,-9.40275,1.69964694976807,3.0,-42.3752,7.22405,0.398258,,
2018-08-08 07:18:52 +0000,0,PenWithoutHighlighting,false,61.7252,-5.32132,3.29967701435089,3.0,-63.7026,-6.14524,0.336958,,
2018-08-08 07:18:54 +0000,0,PenWithoutHighlighting,false,73.6736,-21.0645,2.1988719701767,3.0,-71.3683,14.979,0.218165,,
2018-08-08 07:18:56 +0000,0,PenWithoutHighlighting,false,58.6187,0.266483,1.70280909538269,3.0,-60.9805,-0.756998,0.320143,,
2018-08-08 07:18:58 +0000,0,PenWithoutHighlighting,false,37.713,-16.0695,2.19887208938599,2.0,-35.4935,4.77925,0.341023,,
2018-08-08 07:19:03 +0000,0,PenWithoutHighlighting,false,43.5748,-16.0417,5.09548497200012,4.0,-43.1226,5.95884,1.03309,,
2018-08-08 07:19:07 +0000,0,PenWithoutHighlighting,false,53.2398,-15.5558,4.20094394683838,2.0,-52.1847,-7.08611,0.2242,,
2018-08-08 07:19:09 +0000,0,PenWithoutHighlighting,false,54.0631,-19.4237,1.70144593715668,3.0,-52.8528,3.12125,0.415888,,
2018-08-08 07:19:12 +0000,0,PenWithoutHighlighting,false,69.5221,-19.845,2.39850699901581,3.0,-68.4872,8.3465,0.245749,,
2018-08-08 07:19:16 +0000,0,PenWithoutHighlighting,false,63.1184,-17.5467,4.66699492931366,2.0,-61.2501,10.3826,0.126549,,
2018-08-08 07:19:18 +0000,0,PenWithoutHighlighting,false,62.3494,-4.86526,2.23327398300171,1.0,-62.6914,-6.25006,0.0339739,,
2018-08-08 07:19:21 +0000,0,PenWithoutHighlighting,false,29.0333,-10.3758,2.50061690807343,1.0,-27.8487,-2.45707,0.129631,,
2018-08-08 07:19:31 +0000,0,PenWithoutHighlighting,false,39.6053,-12.6082,9.79313802719116,3.0,-39.7456,-0.26691,0.676252,,
2018-08-08 07:19:33 +0000,0,PenWithoutHighlighting,false,48.4309,-7.13259,2.53621697425842,4.0,-51.1183,-5.02495,0.900038,,
2018-08-08 07:19:38 +0000,0,PenWithoutHighlighting,false,73.2232,-16.9254,4.26303696632385,4.0,-73.9739,8.52985,0.39938,,
2018-08-08 07:19:43 +0000,0,PenWithoutHighlighting,false,44.4779,-16.679,5.29750001430511,4.0,-43.9453,4.0251,0.893345,,
2018-08-08 07:19:54 +0000,0,PenWithoutHighlighting,false,33.6524,-13.741,11.3988490104675,1.0,-31.4129,-0.459384,0.131723,,
2018-08-08 07:19:56 +0000,0,PenWithoutHighlighting,false,65.1716,-14.96,1.70262396335602,2.0,-63.8261,-12.2946,0.177762,,
2018-08-08 07:20:10 +0000,0,PenWithoutHighlighting,false,64.8547,-27.183,14.0918160676956,4.0,-62.1017,-0.109749,0.550213,,
2018-08-08 07:20:13 +0000,0,PenWithoutHighlighting,false,80.2463,-16.5153,2.60231697559357,1.0,-79.1163,-5.27342,0.0210754,,
2018-08-08 07:20:15 +0000,0,PenWithoutHighlighting,false,74.984,-17.945,2.09852600097656,3.0,-74.5496,6.96588,0.186075,,
2018-08-08 07:20:17 +0000,0,PenWithoutHighlighting,false,66.774,-12.1486,1.89895308017731,2.0,-66.3445,-10.6602,0.117646,,
2018-08-08 07:20:21 +0000,0,PenWithoutHighlighting,false,77.3378,-22.3024,4.19820094108582,2.0,-75.4883,2.92115,0.0902728,,
2018-08-08 07:20:23 +0000,0,PenWithoutHighlighting,false,72.2099,-28.6768,1.79938304424286,3.0,-68.64,2.85454,0.25714,,
2018-08-08 07:20:25 +0000,0,PenWithoutHighlighting,false,73.3821,-22.4351,2.30142903327942,1.0,-69.4262,-13.3787,0.030281,,
2018-08-08 07:20:36 +0000,0,PenWithoutHighlighting,false,60.4835,-18.8204,11.2958790063858,3.0,-59.5527,5.62134,0.27453,,
2018-08-08 07:20:40 +0000,0,PenWithoutHighlighting,false,47.264,-18.2297,3.70068395137787,3.0,-45.9894,3.46527,0.527777,,
2018-08-08 07:24:24 +0000,0,PenWithHighlighting,true,0.0,0.0,34.3932349681854,3.0,0.0,0.0,1.32609,,
2018-08-08 07:24:38 +0000,0,PenWithHighlighting,true,0.0,0.0,14.260724067688,2.0,0.0,0.0,1.15041,,
2018-08-08 07:24:48 +0000,0,PenWithHighlighting,true,0.0,0.0,10.2303310632706,2.0,0.0,0.0,2.74769,,
2018-08-08 07:24:56 +0000,0,PenWithHighlighting,true,0.0,0.0,7.89789307117462,2.0,0.0,0.0,1.51139,,
2018-08-08 07:25:02 +0000,0,PenWithHighlighting,true,0.0,0.0,6.09830904006958,3.0,0.0,0.0,3.08224,,
2018-08-08 07:25:40 +0000,0,PenWithHighlighting,true,0.0,0.0,37.5237219333649,4.0,0.0,0.0,2.28071,,
2018-08-08 07:25:47 +0000,0,PenWithHighlighting,true,0.0,0.0,7.77089309692383,1.0,0.0,0.0,0.24811,,
2018-08-08 07:26:02 +0000,0,PenWithHighlighting,true,0.0,0.0,14.6994429826736,2.0,0.0,0.0,1.11638,,
2018-08-08 07:26:12 +0000,0,PenWithHighlighting,true,0.0,0.0,9.59497606754303,2.0,0.0,0.0,0.934227,,
2018-08-08 07:26:27 +0000,0,PenWithHighlighting,true,0.0,0.0,15.7305029630661,4.0,0.0,0.0,2.21053,,
2018-08-08 07:26:36 +0000,0,PenWithHighlighting,true,0.0,0.0,8.26177906990051,4.0,0.0,0.0,1.76353,,
2018-08-08 07:26:46 +0000,0,PenWithHighlighting,true,0.0,0.0,9.89838099479675,3.0,0.0,0.0,0.985559,,
2018-08-08 07:26:56 +0000,0,PenWithHighlighting,true,0.0,0.0,10.0002180337906,1.0,0.0,0.0,0.0637383,,
2018-08-08 07:27:07 +0000,0,PenWithHighlighting,false,0.219679,-0.532354,11.3282849788666,4.0,-2.31939,1.53413,1.48196,,
2018-08-08 07:27:15 +0000,0,PenWithHighlighting,true,0.0,0.0,8.06896102428436,1.0,0.0,0.0,0.30659,,
2018-08-08 07:27:29 +0000,0,PenWithHighlighting,true,0.0,0.0,13.5253590345383,1.0,0.0,0.0,0.0993606,,
2018-08-08 07:27:33 +0000,0,PenWithHighlighting,true,0.0,0.0,4.57003498077393,4.0,0.0,0.0,3.94046,,
2018-08-08 07:27:37 +0000,0,PenWithHighlighting,true,0.0,0.0,3.40153193473816,4.0,0.0,0.0,3.70304,,
2018-08-08 07:27:44 +0000,0,PenWithHighlighting,true,0.0,0.0,7.92900800704956,3.0,0.0,0.0,2.08836,,
2018-08-08 07:27:53 +0000,0,PenWithHighlighting,true,0.0,0.0,8.17024195194244,4.0,0.0,0.0,3.16591,,
2018-08-08 07:27:58 +0000,0,PenWithHighlighting,true,0.0,0.0,5.02487099170685,3.0,0.0,0.0,1.72138,,
2018-08-08 07:28:01 +0000,0,PenWithHighlighting,true,0.0,0.0,2.86787903308868,4.0,0.0,0.0,4.53278,,
2018-08-08 07:28:23 +0000,0,PenWithHighlighting,true,0.0,0.0,22.6063280105591,2.0,0.0,0.0,1.30116,,
2018-08-08 07:28:34 +0000,0,PenWithHighlighting,true,0.0,0.0,10.3956229686737,3.0,0.0,0.0,1.70218,,
2018-08-08 07:28:40 +0000,0,PenWithHighlighting,true,0.0,0.0,6.79883098602295,3.0,0.0,0.0,1.40031,,
2018-08-08 07:28:51 +0000,0,PenWithHighlighting,true,0.0,0.0,11.1197350025177,3.0,0.0,0.0,1.96289,,
2018-08-08 07:29:10 +0000,0,PenWithHighlighting,true,0.0,0.0,18.2042989730835,1.0,0.0,0.0,0.235908,,
2018-08-08 07:29:27 +0000,0,PenWithHighlighting,true,0.0,0.0,17.5601350069046,3.0,0.0,0.0,0.866121,,
2018-08-08 07:29:41 +0000,0,PenWithHighlighting,true,0.0,0.0,13.5284339189529,1.0,0.0,0.0,0.225812,,
2018-08-08 07:30:31 +0000,0,PenWithHighlighting,false,35.606,11.0846,50.6903470754623,2.0,-24.4024,25.891,1.12304,true,
2018-08-08 07:30:52 +0000,0,PenWithHighlighting,true,0.0,0.0,10.4959250688553,2.0,0.0,0.0,0.699423,,
2018-08-08 07:31:05 +0000,0,PenWithHighlighting,true,0.0,0.0,13.0990680456161,4.0,0.0,0.0,2.6976,,
2018-08-08 07:31:19 +0000,0,PenWithHighlighting,true,0.0,0.0,13.8965280056,1.0,0.0,0.0,0.203691,,
2018-08-08 07:32:13 +0000,0,PenWithHighlighting,true,0.0,0.0,53.9916099309921,3.0,0.0,0.0,1.65751,true,
2018-08-08 07:32:27 +0000,0,PenWithHighlighting,false,0.022503,0.163632,6.09758996963501,3.0,-1.26665,-1.102,1.77506,,
2018-08-08 07:32:34 +0000,0,PenWithHighlighting,false,0.0377923,-0.0585246,7.19886696338654,1.0,-0.56308,0.206938,0.35118,,
2018-08-08 07:32:39 +0000,0,PenWithHighlighting,false,0.107653,-0.313627,4.79806506633759,1.0,0.618808,0.0967574,0.440169,,
2018-08-08 07:32:45 +0000,0,PenWithHighlighting,true,0.0,0.0,5.83292007446289,2.0,0.0,0.0,0.470566,,
2018-08-08 07:33:02 +0000,0,PenWithHighlighting,true,0.0,0.0,17.8636490106583,2.0,0.0,0.0,1.63992,,
2018-08-08 07:33:11 +0000,0,PenWithHighlighting,true,0.0,0.0,8.63052701950073,2.0,0.0,0.0,0.349831,,
2018-08-08 07:33:36 +0000,0,PenWithHighlighting,true,0.0,0.0,24.8948260545731,1.0,0.0,0.0,0.407477,,
2018-08-08 07:33:43 +0000,0,PenWithHighlighting,true,0.0,0.0,6.89854001998901,4.0,0.0,0.0,2.92073,,
2018-08-08 07:33:53 +0000,0,PenWithHighlighting,true,0.0,0.0,9.9665470123291,1.0,0.0,0.0,0.286162,,
2018-08-08 07:33:57 +0000,0,PenWithHighlighting,true,0.0,0.0,4.32971096038818,4.0,0.0,0.0,4.62875,,
2018-08-08 07:34:08 +0000,0,PenWithHighlighting,true,0.0,0.0,10.8984400033951,2.0,0.0,0.0,0.556695,,
2018-08-08 07:34:16 +0000,0,PenWithHighlighting,true,0.0,0.0,7.7987060546875,2.0,0.0,0.0,0.928404,,
2018-08-08 07:34:27 +0000,0,PenWithHighlighting,true,0.0,0.0,10.8964530229568,3.0,0.0,0.0,1.80602,,
2018-08-08 07:34:35 +0000,0,PenWithHighlighting,true,0.0,0.0,7.99776697158813,3.0,0.0,0.0,1.26642,,
2018-08-08 07:34:43 +0000,0,PenWithHighlighting,true,0.0,0.0,8.60044503211975,2.0,0.0,0.0,1.39362,,
2018-08-08 07:35:00 +0000,0,PenWithHighlighting,true,0.0,0.0,16.3015830516815,1.0,0.0,0.0,0.227844,,
2018-08-08 07:35:11 +0000,0,PenWithHighlighting,true,0.0,0.0,11.2934230566025,3.0,0.0,0.0,2.8183,,
2018-08-08 07:35:16 +0000,0,PenWithHighlighting,true,0.0,0.0,5.39957702159882,4.0,0.0,0.0,9.78535,,
2018-08-08 07:35:26 +0000,0,PenWithHighlighting,true,0.0,0.0,9.79782295227051,1.0,0.0,0.0,0.513654,,
2018-08-08 07:35:33 +0000,0,PenWithHighlighting,true,0.0,0.0,6.39873707294464,2.0,0.0,0.0,1.24006,,
2018-08-08 07:35:37 +0000,0,PenWithHighlighting,true,0.0,0.0,4.80196893215179,4.0,0.0,0.0,2.27189,,
2018-08-08 07:35:39 +0000,0,PenWithHighlighting,false,0.0923313,0.00128984,1.99807393550873,2.0,-1.15575,-0.149055,0.931936,,
2018-08-08 07:35:43 +0000,0,PenWithHighlighting,true,0.0,0.0,3.79853701591492,4.0,0.0,0.0,2.70114,,
2018-08-08 07:35:45 +0000,0,PenWithHighlighting,true,0.0,0.0,2.29928302764893,3.0,0.0,0.0,1.42988,,
2018-08-08 07:35:49 +0000,0,PenWithHighlighting,true,0.0,0.0,3.39968001842499,2.0,0.0,0.0,0.762958,,
2018-08-08 07:35:56 +0000,0,PenWithHighlighting,true,0.0,0.0,7.5989910364151,1.0,0.0,0.0,0.381929,,
2018-08-08 07:36:10 +0000,0,PenWithHighlighting,true,0.0,0.0,13.1959819793701,4.0,0.0,0.0,3.36085,,
2018-08-08 07:36:15 +0000,0,PenWithHighlighting,true,0.0,0.0,5.89795804023743,1.0,0.0,0.0,0.396094,,
2018-08-08 07:36:19 +0000,0,PenWithHighlighting,true,0.0,0.0,3.83373093605042,4.0,0.0,0.0,7.43856,,
2018-08-08 07:36:24 +0000,0,PenWithHighlighting,true,0.0,0.0,4.86639106273651,1.0,0.0,0.0,0.424219,,
2018-08-08 07:36:30 +0000,0,PenWithHighlighting,true,0.0,0.0,5.39806997776031,3.0,0.0,0.0,1.23382,,
2018-08-08 07:36:34 +0000,0,PenWithHighlighting,true,0.0,0.0,3.9977890253067,3.0,0.0,0.0,1.87128,,
2018-08-08 09:26:54 +0000,1,PenWithoutHighlighting,true,0.0,0.0,5.80260896682739,2.0,0.0,0.0,0.436471,,
2018-08-08 09:27:00 +0000,1,PenWithoutHighlighting,false,5.18166,-2.89703,6.39407992362976,4.0,-7.2569,0.174708,1.75588,,
2018-08-08 09:27:07 +0000,1,PenWithoutHighlighting,false,0.497132,-1.04517,7.16802191734314,1.0,-0.627695,-0.0513307,0.152208,,
2018-08-08 09:27:16 +0000,1,PenWithoutHighlighting,false,0.598265,-0.566921,9.30086803436279,1.0,1.2237,0.527958,0.117692,,
2018-08-08 09:27:23 +0000,1,PenWithoutHighlighting,false,0.237958,-1.38164,6.72988605499268,2.0,-0.410965,-0.241569,0.617237,,
2018-08-08 09:27:26 +0000,1,PenWithoutHighlighting,false,2.84202,-1.91164,3.17455410957336,3.0,-4.47477,-0.125312,1.59775,,
2018-08-08 09:27:33 +0000,1,PenWithoutHighlighting,false,0.184902,-1.56985,6.5238139629364,4.0,-1.8758,0.934815,2.1333,,
2018-08-08 09:27:38 +0000,1,PenWithoutHighlighting,false,5.02991,-2.37082,5.47053396701813,4.0,-7.17921,-1.49172,1.57799,,
2018-08-08 09:27:46 +0000,1,PenWithoutHighlighting,false,0.301382,-0.0912521,7.71608793735504,1.0,0.900477,0.486998,0.206902,,
2018-08-08 09:27:53 +0000,1,PenWithoutHighlighting,false,1.01478,-1.91059,6.49886798858643,3.0,-2.5484,-0.127961,1.22012,,
2018-08-08 09:28:00 +0000,1,PenWithoutHighlighting,false,0.336081,-0.736933,7.59938991069794,1.0,0.58434,0.441485,0.374719,,
2018-08-08 09:28:09 +0000,1,PenWithoutHighlighting,false,3.78873,0.615685,8.70023691654205,1.0,4.35878,-0.0130744,0.437259,,
2018-08-08 09:28:15 +0000,1,PenWithoutHighlighting,false,0.204873,-1.34368,5.69571495056152,2.0,-0.990974,-0.446868,0.795185,,
2018-08-08 09:28:22 +0000,1,PenWithoutHighlighting,false,6.12334,-3.16204,7.60005605220795,3.0,-7.45813,0.208723,1.45486,,
2018-08-08 09:28:29 +0000,1,PenWithoutHighlighting,false,4.7467,-3.52907,6.43830001354218,3.0,-5.43715,1.67925,0.939825,,
2018-08-08 09:28:35 +0000,1,PenWithoutHighlighting,false,11.9632,-5.67627,6.56496393680573,4.0,-13.5118,-2.12978,1.39648,,
2018-08-08 09:28:41 +0000,1,PenWithoutHighlighting,false,0.868256,-1.48101,5.7339540719986,3.0,-2.42589,0.0489125,1.42182,,
2018-08-08 09:28:48 +0000,1,PenWithoutHighlighting,false,3.7868,-2.08588,7.25757801532745,2.0,-4.57319,0.1312,0.526642,,
2018-08-08 09:28:56 +0000,1,PenWithoutHighlighting,false,4.48842,-2.31059,7.39939296245575,2.0,-5.47916,-0.659828,0.431596,,
2018-08-08 09:29:03 +0000,1,PenWithoutHighlighting,false,4.10092,-2.4695,7.33093500137329,2.0,-5.0376,0.220753,0.515284,,
2018-08-08 09:29:10 +0000,1,PenWithoutHighlighting,true,0.0,0.0,6.89767801761627,3.0,0.0,0.0,2.87644,,
2018-08-08 09:29:20 +0000,1,PenWithoutHighlighting,false,0.217912,-0.215957,9.89892601966858,1.0,0.83967,0.23266,0.161446,,
2018-08-08 09:29:27 +0000,1,PenWithoutHighlighting,false,0.609633,-1.10015,7.56358301639557,1.0,0.0837342,0.181674,0.319463,,
2018-08-08 09:29:33 +0000,1,PenWithoutHighlighting,false,3.56479,-3.37963,5.79769802093506,3.0,-4.70651,0.291953,1.55831,,
2018-08-08 09:29:41 +0000,1,PenWithoutHighlighting,false,0.130088,-1.07534,7.73120296001434,2.0,-1.05273,-0.230891,1.49701,,
2018-08-08 09:29:46 +0000,1,PenWithoutHighlighting,false,2.02951,-2.45349,4.76662993431091,3.0,-3.56089,-0.906116,2.20651,,
2018-08-08 09:29:51 +0000,1,PenWithoutHighlighting,false,3.55009,-2.58157,5.63168489933014,2.0,-3.99665,0.395242,0.560479,,
2018-08-08 09:29:58 +0000,1,PenWithoutHighlighting,false,0.132793,-0.384636,6.89837694168091,1.0,-0.152854,0.655088,0.202759,,
2018-08-08 09:30:07 +0000,1,PenWithoutHighlighting,false,0.742739,-1.74281,8.56726408004761,2.0,-1.20734,-0.877393,1.20364,,
2018-08-08 09:30:14 +0000,1,PenWithoutHighlighting,false,4.12856,-1.02371,7.75983703136444,3.0,-5.77217,-0.798968,2.05753,,
2018-08-08 09:30:22 +0000,1,PenWithoutHighlighting,false,8.59661,-4.30256,7.47045803070068,4.0,-10.5732,-1.1619,1.71893,,
2018-08-08 09:30:34 +0000,1,PenWithoutHighlighting,false,0.612424,0.0833588,12.3028579950333,1.0,1.26022,-0.321326,0.654339,,
2018-08-08 09:30:42 +0000,1,PenWithoutHighlighting,false,2.39899,-2.14155,7.39885592460632,3.0,-3.90926,-1.70357,1.31985,,
2018-08-08 09:30:49 +0000,1,PenWithoutHighlighting,false,4.92925,-2.19041,7.19133794307709,4.0,-7.01208,-0.371399,2.04116,,
2018-08-08 09:30:56 +0000,1,PenWithoutHighlighting,false,1.67854,-1.09679,7.69878304004669,4.0,-3.74862,-0.56377,3.75667,,
2018-08-08 09:31:07 +0000,1,PenWithoutHighlighting,false,0.554049,-0.03829,10.3007279634476,1.0,1.23137,0.149048,0.868811,,
2018-08-08 09:31:16 +0000,1,PenWithoutHighlighting,false,4.93479,-2.43021,8.79588496685028,2.0,-5.81202,-1.61221,0.72007,,
2018-08-08 09:31:23 +0000,1,PenWithoutHighlighting,false,5.69278,-1.57222,7.82709991931915,4.0,-7.7357,-0.628268,2.27664,,
2018-08-08 09:31:31 +0000,1,PenWithoutHighlighting,false,4.16637,-1.50535,7.27061593532562,3.0,-5.99049,-0.151104,1.18627,,
2018-08-08 09:31:43 +0000,1,PenWithoutHighlighting,false,1.78168,0.0752748,11.9998669624329,1.0,2.48424,0.248994,1.00991,,
2018-08-08 09:31:51 +0000,1,PenWithoutHighlighting,false,1.34965,-1.40869,8.097501039505,1.0,-1.44704,0.267374,0.291646,,
2018-08-08 09:32:05 +0000,1,PenWithoutHighlighting,false,7.09537,-2.56703,14.0977849960327,4.0,-9.30614,0.429441,2.0795,,
2018-08-08 09:32:20 +0000,1,PenWithoutHighlighting,false,2.32965,-1.40724,14.6998590230942,1.0,-2.67538,0.840835,0.216536,,
2018-08-08 09:32:27 +0000,1,PenWithoutHighlighting,true,0.0,0.0,7.9331020116806,3.0,0.0,0.0,1.04793,,
2018-08-08 09:32:31 +0000,1,PenWithoutHighlighting,false,1.7105,-2.28289,3.96616399288177,3.0,-3.21504,-0.154258,2.59492,,
2018-08-08 09:32:42 +0000,1,PenWithoutHighlighting,false,2.33837,-2.27566,10.1926100254059,2.0,-2.98388,-0.929616,0.84813,,
2018-08-08 09:32:49 +0000,1,PenWithoutHighlighting,false,0.400695,-1.47415,7.43071496486664,2.0,-0.187665,-0.503191,0.746886,,
2018-08-08 09:32:57 +0000,1,PenWithoutHighlighting,true,0.0,0.0,7.57091200351715,4.0,0.0,0.0,1.79471,,
2018-08-08 09:33:04 +0000,1,PenWithoutHighlighting,false,3.90541,-2.48605,7.72833096981049,2.0,-4.71602,-1.00932,0.965397,,
2018-08-08 09:33:11 +0000,1,PenWithoutHighlighting,false,1.30855,-1.86294,6.66814196109772,4.0,-3.04179,0.328555,2.05882,,
2018-08-08 09:33:19 +0000,1,PenWithoutHighlighting,false,3.55024,-2.80886,7.5981959104538,1.0,-3.27641,-0.427508,0.199149,,
2018-08-08 09:33:25 +0000,1,PenWithoutHighlighting,false,1.07711,-2.04202,5.99815797805786,2.0,0.502773,-0.57406,0.750757,,
2018-08-08 09:33:33 +0000,1,PenWithoutHighlighting,false,1.28627,-2.20987,8.22890901565552,2.0,-1.7095,-0.143875,1.20205,,
2018-08-08 09:33:39 +0000,1,PenWithoutHighlighting,false,6.2506,-2.9115,5.699422955513,4.0,-8.14308,-0.537395,3.8106,,
2018-08-08 09:33:46 +0000,1,PenWithoutHighlighting,false,6.49309,-2.45124,7.06658089160919,4.0,-8.13729,0.859684,2.49246,,
2018-08-08 09:33:55 +0000,1,PenWithoutHighlighting,false,2.59619,-2.82162,9.00059807300568,3.0,-3.56762,0.807763,1.85679,,
2018-08-08 09:34:01 +0000,1,PenWithoutHighlighting,false,7.42799,-4.81275,5.93146693706512,4.0,-9.36198,-0.488311,2.09796,,
2018-08-08 09:34:06 +0000,1,PenWithoutHighlighting,false,5.08083,-2.98456,5.47041296958923,3.0,-6.74173,-0.486461,1.83616,,
2018-08-08 09:34:12 +0000,1,PenWithoutHighlighting,false,3.96457,-0.99268,5.99621200561523,4.0,-6.23542,0.101734,3.11498,,
2018-08-08 09:34:18 +0000,1,PenWithoutHighlighting,false,0.538322,-2.11975,6.39959502220154,3.0,-0.273764,1.29802,3.58971,,
2018-08-08 09:34:27 +0000,1,PenWithoutHighlighting,false,1.27925,-1.19203,8.52921795845032,2.0,-2.40153,-0.57337,0.871566,,
2018-08-08 09:34:36 +0000,1,PenWithoutHighlighting,false,3.6346,-2.22555,9.29476797580719,4.0,-5.3785,0.619344,3.83566,,
2018-08-08 09:34:44 +0000,1,PenWithoutHighlighting,false,0.847335,-1.15121,7.67049896717072,1.0,1.01393,0.584413,0.235023,,
2018-08-08 09:34:55 +0000,1,PenWithoutHighlighting,false,1.06652,-1.22661,11.0263700485229,1.0,-1.1834,0.441674,0.210302,,
2018-08-08 09:36:11 +0000,1,PenWithHighlighting,true,0.0,0.0,5.52511096000671,2.0,0.0,0.0,0.250421,,
2018-08-08 09:36:18 +0000,1,PenWithHighlighting,false,0.75114,-0.304271,7.07186901569366,1.0,-1.21751,0.179586,0.182906,,
2018-08-08 09:36:22 +0000,1,PenWithHighlighting,true,0.0,0.0,3.13023602962494,1.0,0.0,0.0,0.197045,,
2018-08-08 09:36:31 +0000,1,PenWithHighlighting,true,0.0,0.0,9.09615993499756,1.0,0.0,0.0,0.0809845,,
2018-08-08 09:36:36 +0000,1,PenWithHighlighting,true,0.0,0.0,5.00068998336792,3.0,0.0,0.0,0.965533,,
2018-08-08 09:36:43 +0000,1,PenWithHighlighting,true,0.0,0.0,7.09593296051025,1.0,0.0,0.0,0.0711829,,
2018-08-08 09:36:52 +0000,1,PenWithHighlighting,true,0.0,0.0,9.19873201847076,4.0,0.0,0.0,0.939924,,
2018-08-08 09:36:56 +0000,1,PenWithHighlighting,true,0.0,0.0,4.49984097480774,3.0,0.0,0.0,0.743165,,
2018-08-08 09:37:01 +0000,1,PenWithHighlighting,true,0.0,0.0,4.19870901107788,4.0,0.0,0.0,1.2965,,
2018-08-08 09:37:08 +0000,1,PenWithHighlighting,true,0.0,0.0,7.0022919178009,2.0,0.0,0.0,0.230395,,
2018-08-08 09:37:13 +0000,1,PenWithHighlighting,true,0.0,0.0,5.40131807327271,2.0,0.0,0.0,0.669024,,
2018-08-08 09:37:19 +0000,1,PenWithHighlighting,true,0.0,0.0,5.80198204517365,4.0,0.0,0.0,1.19851,,
2018-08-08 09:37:23 +0000,1,PenWithHighlighting,false,0.135267,-0.561522,4.19094502925873,3.0,-1.50186,0.466514,1.32726,,
2018-08-08 09:37:28 +0000,1,PenWithHighlighting,true,0.0,0.0,5.30741405487061,2.0,0.0,0.0,0.371498,,
2018-08-08 09:37:33 +0000,1,PenWithHighlighting,true,0.0,0.0,4.48910903930664,3.0,0.0,0.0,0.713314,,
2018-08-08 09:37:41 +0000,1,PenWithHighlighting,true,0.0,0.0,8.10381805896759,3.0,0.0,0.0,0.502194,,
2018-08-08 09:37:49 +0000,1,PenWithHighlighting,true,0.0,0.0,8.29795098304749,1.0,0.0,0.0,0.0936241,,
2018-08-08 09:37:57 +0000,1,PenWithHighlighting,true,0.0,0.0,8.02945101261139,1.0,0.0,0.0,0.0675889,,
2018-08-08 09:38:05 +0000,1,PenWithHighlighting,true,0.0,0.0,7.86400401592255,1.0,0.0,0.0,0.0906739,,
2018-08-08 09:38:11 +0000,1,PenWithHighlighting,true,0.0,0.0,5.50072598457336,1.0,0.0,0.0,0.141075,,
2018-08-08 09:38:15 +0000,1,PenWithHighlighting,true,0.0,0.0,4.43087792396545,3.0,0.0,0.0,1.11012,,
2018-08-08 09:38:23 +0000,1,PenWithHighlighting,true,0.0,0.0,7.49521708488464,1.0,0.0,0.0,0.0864531,,
2018-08-08 09:38:25 +0000,1,PenWithHighlighting,true,0.0,0.0,2.76730310916901,3.0,0.0,0.0,0.74443,,
2018-08-08 09:38:33 +0000,1,PenWithHighlighting,true,0.0,0.0,7.73021697998047,2.0,0.0,0.0,0.292047,,
2018-08-08 09:38:36 +0000,1,PenWithHighlighting,false,0.0898764,0.18249,3.37185895442963,2.0,0.922308,-0.570519,0.464999,,
2018-08-08 09:38:42 +0000,1,PenWithHighlighting,true,0.0,0.0,5.72645401954651,4.0,0.0,0.0,1.00377,,
2018-08-08 09:38:47 +0000,1,PenWithHighlighting,true,0.0,0.0,4.70729291439056,4.0,0.0,0.0,2.16398,,
2018-08-08 09:38:51 +0000,1,PenWithHighlighting,true,0.0,0.0,4.10671699047089,3.0,0.0,0.0,0.937592,,
2018-08-08 09:38:57 +0000,1,PenWithHighlighting,true,0.0,0.0,5.87431991100311,1.0,0.0,0.0,0.259437,,
2018-08-08 09:39:02 +0000,1,PenWithHighlighting,true,0.0,0.0,5.5390750169754,4.0,0.0,0.0,1.29521,,
2018-08-08 09:39:08 +0000,1,PenWithHighlighting,true,0.0,0.0,5.80295693874359,2.0,0.0,0.0,0.316967,,
2018-08-08 09:39:11 +0000,1,PenWithHighlighting,true,0.0,0.0,2.99973595142365,4.0,0.0,0.0,3.74759,,
2018-08-08 09:39:14 +0000,1,PenWithHighlighting,true,0.0,0.0,2.59867203235626,4.0,0.0,0.0,2.60308,,
2018-08-08 09:39:17 +0000,1,PenWithHighlighting,true,0.0,0.0,3.60060095787048,1.0,0.0,0.0,0.223101,,
2018-08-08 09:39:24 +0000,1,PenWithHighlighting,true,0.0,0.0,6.40493202209473,1.0,0.0,0.0,0.150808,,
2018-08-08 09:39:33 +0000,1,PenWithHighlighting,true,0.0,0.0,9.20364999771118,2.0,0.0,0.0,0.357645,,
2018-08-08 09:39:37 +0000,1,PenWithHighlighting,true,0.0,0.0,3.89875102043152,3.0,0.0,0.0,0.871651,,
2018-08-08 09:39:40 +0000,1,PenWithHighlighting,true,0.0,0.0,3.39778292179108,4.0,0.0,0.0,1.56766,,
2018-08-08 09:39:45 +0000,1,PenWithHighlighting,true,0.0,0.0,4.26706111431122,2.0,0.0,0.0,0.609029,,
2018-08-08 09:39:51 +0000,1,PenWithHighlighting,true,0.0,0.0,6.90431606769562,2.0,0.0,0.0,0.278149,,
2018-08-08 09:39:57 +0000,1,PenWithHighlighting,true,0.0,0.0,5.72483503818512,4.0,0.0,0.0,0.95265,,
2018-08-08 09:40:00 +0000,1,PenWithHighlighting,true,0.0,0.0,3.00417602062225,3.0,0.0,0.0,2.20602,,
2018-08-08 09:40:03 +0000,1,PenWithHighlighting,true,0.0,0.0,2.5995579957962,3.0,0.0,0.0,1.97641,,
2018-08-08 09:40:05 +0000,1,PenWithHighlighting,true,0.0,0.0,2.39734697341919,4.0,0.0,0.0,3.24202,,
2018-08-08 09:40:09 +0000,1,PenWithHighlighting,true,0.0,0.0,3.36583495140076,3.0,0.0,0.0,2.6641,,
2018-08-08 09:40:14 +0000,1,PenWithHighlighting,true,0.0,0.0,5.73679196834564,3.0,0.0,0.0,0.811785,,
2018-08-08 09:40:20 +0000,1,PenWithHighlighting,true,0.0,0.0,5.89351499080658,4.0,0.0,0.0,0.863028,,
2018-08-08 09:40:29 +0000,1,PenWithHighlighting,true,0.0,0.0,8.70099806785583,1.0,0.0,0.0,0.235801,,
2018-08-08 09:40:35 +0000,1,PenWithHighlighting,true,0.0,0.0,6.09166193008423,3.0,0.0,0.0,1.11197,,
2018-08-08 09:40:40 +0000,1,PenWithHighlighting,true,0.0,0.0,4.56900799274445,2.0,0.0,0.0,0.47594,,
2018-08-08 09:40:45 +0000,1,PenWithHighlighting,true,0.0,0.0,5.93097293376923,1.0,0.0,0.0,0.204475,,
2018-08-08 09:40:51 +0000,1,PenWithHighlighting,true,0.0,0.0,5.99930608272552,3.0,0.0,0.0,0.710973,,
2018-08-08 09:40:54 +0000,1,PenWithHighlighting,true,0.0,0.0,2.43471896648407,4.0,0.0,0.0,1.46828,,
2018-08-08 09:40:57 +0000,1,PenWithHighlighting,true,0.0,0.0,3.0316299200058,4.0,0.0,0.0,0.911091,,
2018-08-08 09:41:02 +0000,1,PenWithHighlighting,true,0.0,0.0,4.93740701675415,2.0,0.0,0.0,0.534198,,
2018-08-08 09:41:10 +0000,1,PenWithHighlighting,true,0.0,0.0,8.56216609477997,2.0,0.0,0.0,0.251447,,
2018-08-08 09:41:16 +0000,1,PenWithHighlighting,true,0.0,0.0,5.2267929315567,2.0,0.0,0.0,0.480018,,
2018-08-08 09:41:24 +0000,1,PenWithHighlighting,true,0.0,0.0,8.80727899074554,1.0,0.0,0.0,0.130988,,
2018-08-08 09:41:30 +0000,1,PenWithHighlighting,true,0.0,0.0,5.82936990261078,3.0,0.0,0.0,0.541173,,
2018-08-08 09:41:33 +0000,1,PenWithHighlighting,true,0.0,0.0,3.16243803501129,2.0,0.0,0.0,0.590072,,
2018-08-08 09:41:39 +0000,1,PenWithHighlighting,true,0.0,0.0,5.30087304115295,4.0,0.0,0.0,1.39098,,
2018-08-08 09:41:46 +0000,1,PenWithHighlighting,true,0.0,0.0,7.30248391628265,1.0,0.0,0.0,0.135881,,
2018-08-08 09:41:50 +0000,1,PenWithHighlighting,false,0.42863,0.173194,4.29682397842407,2.0,1.87445,0.405686,0.594642,,
2018-08-08 09:41:56 +0000,1,PenWithHighlighting,true,0.0,0.0,5.70411205291748,4.0,0.0,0.0,1.79054,,
2018-08-08 09:43:26 +0000,1,TwohandedTouch,true,0.0,0.0,6.00131595134735,1.0,0.0,0.0,0.142631,,true
2018-08-08 09:43:31 +0000,1,TwohandedTouch,true,0.0,0.0,5.06669998168945,2.0,0.0,0.0,0.605079,,true
2018-08-08 09:43:32 +0000,1,TwohandedTouch,true,0.0,0.0,1.3153920173645,1.0,0.0,0.0,0.0769837,,true
2018-08-08 09:43:33 +0000,1,TwohandedTouch,true,0.0,0.0,1.3000819683075,4.0,0.0,0.0,3.13845,,true
2018-08-08 09:43:35 +0000,1,TwohandedTouch,true,0.0,0.0,1.16662096977234,1.0,0.0,0.0,0.189538,,true
2018-08-08 09:43:36 +0000,1,TwohandedTouch,true,0.0,0.0,1.60122895240784,2.0,0.0,0.0,0.302501,,true
2018-08-08 09:43:38 +0000,1,TwohandedTouch,true,0.0,0.0,1.56680297851562,2.0,0.0,0.0,0.583648,,true
2018-08-08 09:43:40 +0000,1,TwohandedTouch,true,0.0,0.0,2.59885704517365,4.0,0.0,0.0,2.37135,,true
2018-08-08 09:43:41 +0000,1,TwohandedTouch,true,0.0,0.0,1.1514550447464,1.0,0.0,0.0,0.0827829,,true
2018-08-08 09:43:43 +0000,1,TwohandedTouch,true,0.0,0.0,1.6485710144043,1.0,0.0,0.0,0.0455895,,true
2018-08-08 09:43:44 +0000,1,TwohandedTouch,true,0.0,0.0,1.33555293083191,2.0,0.0,0.0,0.681075,,true
2018-08-08 09:43:48 +0000,1,TwohandedTouch,false,0.1604,0.0,3.99856901168823,1.0,0.0,0.0,0.0455908,,false
2018-08-08 09:43:50 +0000,1,TwohandedTouch,true,0.0,0.0,1.26622700691223,4.0,0.0,0.0,3.35294,,true
2018-08-08 09:43:53 +0000,1,TwohandedTouch,true,0.0,0.0,3.56857001781464,3.0,0.0,0.0,0.353566,,true
2018-08-08 09:43:56 +0000,1,TwohandedTouch,false,0.0760016,0.0,2.44987106323242,1.0,0.0,0.0,0.0905585,,false
2018-08-08 09:43:57 +0000,1,TwohandedTouch,true,0.0,0.0,0.916646003723145,3.0,0.0,0.0,0.363534,,true
2018-08-08 09:43:57 +0000,1,TwohandedTouch,true,0.0,0.0,0.650612115859985,2.0,0.0,0.0,0.775457,,true
2018-08-08 09:43:58 +0000,1,TwohandedTouch,false,0.0,0.0,1.08112394809723,3.0,0.0,0.0,0.618249,,true
2018-08-08 09:43:59 +0000,1,TwohandedTouch,true,0.0,0.0,1.03432106971741,3.0,0.0,0.0,0.783862,,true
2018-08-08 09:44:01 +0000,1,TwohandedTouch,false,0.0380668,0.0,1.95065498352051,1.0,0.0,0.0,0.0822948,,false
2018-08-08 09:44:03 +0000,1,TwohandedTouch,true,0.0,0.0,1.71485507488251,1.0,0.0,0.0,0.0545324,,true
2018-08-08 09:44:04 +0000,1,TwohandedTouch,true,0.0,0.0,0.668102025985718,4.0,0.0,0.0,3.39786,,true
2018-08-08 09:44:05 +0000,1,TwohandedTouch,true,0.0,0.0,1.09827196598053,1.0,0.0,0.0,0.15435,,true
2018-08-08 09:44:06 +0000,1,TwohandedTouch,false,0.0575668,0.0,1.18524599075317,4.0,0.0,0.0,0.608044,,false
2018-08-08 09:44:11 +0000,1,TwohandedTouch,true,0.0,0.0,4.64862704277039,2.0,0.0,0.0,0.457939,,true
2018-08-08 09:44:14 +0000,1,TwohandedTouch,true,0.0,0.0,3.11866199970245,3.0,0.0,0.0,1.37707,,true
2018-08-08 09:44:17 +0000,1,TwohandedTouch,true,0.0,0.0,3.04841899871826,2.0,0.0,0.0,0.766688,,true
2018-08-08 09:44:18 +0000,1,TwohandedTouch,true,0.0,0.0,1.09985899925232,4.0,0.0,0.0,0.654072,,true
2018-08-08 09:44:19 +0000,1,TwohandedTouch,true,0.0,0.0,1.46830499172211,3.0,0.0,0.0,0.834863,,true
2018-08-08 09:44:20 +0000,1,TwohandedTouch,true,0.0,0.0,0.966612935066223,2.0,0.0,0.0,0.178068,,true
2018-08-08 09:44:21 +0000,1,TwohandedTouch,true,0.0,0.0,1.098473072052,2.0,0.0,0.0,0.421144,,true
2018-08-08 09:44:22 +0000,1,TwohandedTouch,true,0.0,0.0,0.785367012023926,4.0,0.0,0.0,1.13603,,true
2018-08-08 09:44:24 +0000,1,TwohandedTouch,true,0.0,0.0,2.24812304973602,3.0,0.0,0.0,1.2821,,true
2018-08-08 09:44:26 +0000,1,TwohandedTouch,false,0.0641785,0.0,1.78495502471924,1.0,0.0,0.0,0.154232,,false
2018-08-08 09:44:28 +0000,1,TwohandedTouch,true,0.0,0.0,1.63351500034332,2.0,0.0,0.0,0.464906,,true
2018-08-08 09:44:31 +0000,1,TwohandedTouch,false,0.127272,0.0,2.66662609577179,1.0,0.0,0.0,0.0925466,,false
2018-08-08 09:44:32 +0000,1,TwohandedTouch,true,0.0,0.0,1.33651494979858,4.0,0.0,0.0,0.592497,,true
2018-08-08 09:44:33 +0000,1,TwohandedTouch,true,0.0,0.0,0.630500912666321,3.0,0.0,0.0,0.731354,,true
2018-08-08 09:44:33 +0000,1,TwohandedTouch,true,0.0,0.0,0.716098070144653,2.0,0.0,0.0,0.492967,,true
2018-08-08 09:44:34 +0000,1,TwohandedTouch,true,0.0,0.0,0.633087038993835,4.0,0.0,0.0,0.814894,,true
2018-08-08 09:44:35 +0000,1,TwohandedTouch,true,0.0,0.0,0.750309944152832,4.0,0.0,0.0,0.795103,,true
2018-08-08 09:44:35 +0000,1,TwohandedTouch,true,0.0,0.0,0.633323907852173,4.0,0.0,0.0,0.943855,,true
2018-08-08 09:44:36 +0000,1,TwohandedTouch,true,0.0,0.0,0.982782006263733,1.0,0.0,0.0,0.227601,,true
2018-08-08 09:44:37 +0000,1,TwohandedTouch,true,0.0,0.0,0.8176189661026,3.0,0.0,0.0,0.616007,,true
2018-08-08 09:44:39 +0000,1,TwohandedTouch,true,0.0,0.0,1.56586897373199,1.0,0.0,0.0,0.105099,,true
2018-08-08 09:44:39 +0000,1,TwohandedTouch,true,0.0,0.0,0.716763973236084,3.0,0.0,0.0,1.44277,,true
2018-08-08 09:44:41 +0000,1,TwohandedTouch,true,0.0,0.0,2.06510496139526,3.0,0.0,0.0,0.72544,,true
2018-08-08 09:44:44 +0000,1,TwohandedTouch,true,0.0,0.0,2.43333995342255,3.0,0.0,0.0,0.507597,,true
2018-08-08 09:44:45 +0000,1,TwohandedTouch,true,0.0,0.0,1.48592400550842,2.0,0.0,0.0,0.271935,,true
2018-08-08 09:44:47 +0000,1,TwohandedTouch,true,0.0,0.0,2.11485707759857,2.0,0.0,0.0,0.253195,,true
2018-08-08 09:44:49 +0000,1,TwohandedTouch,true,0.0,0.0,1.89953088760376,4.0,0.0,0.0,1.33637,,true
2018-08-08 09:44:52 +0000,1,TwohandedTouch,true,0.0,0.0,3.0521160364151,1.0,0.0,0.0,0.329047,,true
2018-08-08 09:44:54 +0000,1,TwohandedTouch,true,0.0,0.0,1.36647200584412,2.0,0.0,0.0,0.448848,,true
2018-08-08 09:44:56 +0000,1,TwohandedTouch,true,0.0,0.0,1.84830701351166,2.0,0.0,0.0,0.734724,,true
2018-08-08 09:44:57 +0000,1,TwohandedTouch,true,0.0,0.0,1.1190539598465,4.0,0.0,0.0,0.754282,,true
2018-08-08 09:44:58 +0000,1,TwohandedTouch,true,0.0,0.0,1.18091797828674,4.0,0.0,0.0,1.10847,,true
2018-08-08 09:44:59 +0000,1,TwohandedTouch,true,0.0,0.0,0.819012045860291,3.0,0.0,0.0,0.723404,,true
2018-08-08 09:45:00 +0000,1,TwohandedTouch,true,0.0,0.0,1.54751098155975,1.0,0.0,0.0,0.0546473,,true
2018-08-08 09:45:03 +0000,1,TwohandedTouch,true,0.0,0.0,3.01903998851776,2.0,0.0,0.0,0.43133,,true
2018-08-08 09:45:04 +0000,1,TwohandedTouch,true,0.0,0.0,1.10021507740021,3.0,0.0,0.0,1.80221,,true
2018-08-08 09:45:06 +0000,1,TwohandedTouch,true,0.0,0.0,1.2322438955307,4.0,0.0,0.0,1.65211,,true
2018-08-08 09:45:07 +0000,1,TwohandedTouch,true,0.0,0.0,1.14847791194916,4.0,0.0,0.0,0.693595,,true
2018-08-08 09:45:08 +0000,1,TwohandedTouch,true,0.0,0.0,1.38503301143646,3.0,0.0,0.0,1.23852,,true
2018-08-08 09:45:09 +0000,1,TwohandedTouch,false,0.0,0.0,0.683362007141113,3.0,0.0,0.0,0.988826,,true
2018-08-08 09:46:34 +0000,1,OnehandedTouch,true,0.0,0.0,0.750113964080811,3.0,0.0,0.0,2.49749,,true
2018-08-08 09:46:35 +0000,1,OnehandedTouch,true,0.0,0.0,1.10148000717163,4.0,0.0,0.0,0.640062,,true
2018-08-08 09:46:39 +0000,1,OnehandedTouch,true,0.0,0.0,3.11594104766846,1.0,0.0,0.0,0.252473,,true
2018-08-08 09:46:42 +0000,1,OnehandedTouch,true,0.0,0.0,3.29955899715424,2.0,0.0,0.0,1.01028,,true
2018-08-08 09:46:43 +0000,1,OnehandedTouch,true,0.0,0.0,0.716175079345703,4.0,0.0,0.0,1.12436,,true
2018-08-08 09:46:44 +0000,1,OnehandedTouch,true,0.0,0.0,1.15053200721741,4.0,0.0,0.0,1.52776,,true
2018-08-08 09:46:45 +0000,1,OnehandedTouch,false,0.117669,0.0,1.24845600128174,1.0,0.0,0.0,0.0824644,,false
2018-08-08 09:46:47 +0000,1,OnehandedTouch,false,0.109662,0.0,2.20024502277374,1.0,0.0,0.0,0.103598,,false
2018-08-08 09:46:49 +0000,1,OnehandedTouch,true,0.0,0.0,1.3844199180603,4.0,0.0,0.0,4.09164,,true
2018-08-08 09:46:50 +0000,1,OnehandedTouch,true,0.0,0.0,1.26674902439117,3.0,0.0,0.0,0.645414,,true
2018-08-08 09:46:54 +0000,1,OnehandedTouch,false,0.0127998,0.0,4.48239696025848,2.0,0.0,0.0,0.735371,,false
2018-08-08 09:46:56 +0000,1,OnehandedTouch,true,0.0,0.0,1.65126001834869,3.0,0.0,0.0,1.35609,,true
2018-08-08 09:46:58 +0000,1,OnehandedTouch,true,0.0,0.0,1.58156204223633,3.0,0.0,0.0,0.869124,,true
2018-08-08 09:46:59 +0000,1,OnehandedTouch,true,0.0,0.0,1.71833002567291,2.0,0.0,0.0,0.334007,,true
2018-08-08 09:47:01 +0000,1,OnehandedTouch,false,0.0,0.0,1.26747596263885,3.0,0.0,0.0,0.574848,,true
2018-08-08 09:47:03 +0000,1,OnehandedTouch,true,0.0,0.0,2.91367995738983,2.0,0.0,0.0,0.599038,,true
2018-08-08 09:47:05 +0000,1,OnehandedTouch,false,0.0242398,0.0,1.53490591049194,2.0,0.0,0.0,0.483718,,false
2018-08-08 09:47:07 +0000,1,OnehandedTouch,true,0.0,0.0,1.48332095146179,4.0,0.0,0.0,0.969882,,true
2018-08-08 09:47:08 +0000,1,OnehandedTouch,false,0.023049,0.0,1.18178796768188,1.0,0.0,0.0,0.0775999,,false
2018-08-08 09:47:09 +0000,1,OnehandedTouch,false,0.0,0.0,1.35179400444031,4.0,0.0,0.0,0.724737,,true
2018-08-08 09:47:11 +0000,1,OnehandedTouch,true,0.0,0.0,2.16640591621399,4.0,0.0,0.0,2.42354,,true
2018-08-08 09:47:13 +0000,1,OnehandedTouch,true,0.0,0.0,1.70008111000061,3.0,0.0,0.0,0.850822,,true
2018-08-08 09:47:14 +0000,1,OnehandedTouch,true,0.0,0.0,0.783223986625671,1.0,0.0,0.0,0.262983,,true
2018-08-08 09:47:15 +0000,1,OnehandedTouch,false,0.449584,0.0,1.06658005714417,3.0,0.0,0.0,2.13162,,false
2018-08-08 09:47:16 +0000,1,OnehandedTouch,true,0.0,0.0,1.11682200431824,4.0,0.0,0.0,0.889144,,true
2018-08-08 09:47:17 +0000,1,OnehandedTouch,true,0.0,0.0,1.61538100242615,4.0,0.0,0.0,1.42978,,true
2018-08-08 09:47:19 +0000,1,OnehandedTouch,true,0.0,0.0,1.19955897331238,3.0,0.0,0.0,0.445413,,true
2018-08-08 09:47:21 +0000,1,OnehandedTouch,false,0.026496,0.0,2.43368101119995,2.0,0.0,0.0,0.36412,,false
2018-08-08 09:47:24 +0000,1,OnehandedTouch,true,0.0,0.0,2.91849207878113,4.0,0.0,0.0,1.12168,,true
2018-08-08 09:47:26 +0000,1,OnehandedTouch,true,0.0,0.0,1.93384301662445,3.0,0.0,0.0,0.580943,,true
2018-08-08 09:47:27 +0000,1,OnehandedTouch,true,0.0,0.0,1.06667399406433,4.0,0.0,0.0,1.78283,,true
2018-08-08 09:47:30 +0000,1,OnehandedTouch,true,0.0,0.0,3.13326394557953,2.0,0.0,0.0,1.24802,,true
2018-08-08 09:47:31 +0000,1,OnehandedTouch,true,0.0,0.0,1.30053102970123,2.0,0.0,0.0,0.287776,,true
2018-08-08 09:47:34 +0000,1,OnehandedTouch,true,0.0,0.0,2.18114805221558,3.0,0.0,0.0,1.56773,,true
2018-08-08 09:47:36 +0000,1,OnehandedTouch,true,0.0,0.0,2.05275702476501,3.0,0.0,0.0,2.27628,,true
2018-08-08 09:47:37 +0000,1,OnehandedTouch,false,0.0623584,0.0,0.815505027770996,3.0,0.0,0.0,0.558994,,false
2018-08-08 09:47:38 +0000,1,OnehandedTouch,true,0.0,0.0,1.08431589603424,2.0,0.0,0.0,0.195813,,true
2018-08-08 09:47:39 +0000,1,OnehandedTouch,true,0.0,0.0,1.59990799427032,4.0,0.0,0.0,1.4364,,true
2018-08-08 09:47:40 +0000,1,OnehandedTouch,true,0.0,0.0,0.999575972557068,1.0,0.0,0.0,0.0842566,,true
2018-08-08 09:47:42 +0000,1,OnehandedTouch,true,0.0,0.0,1.41583406925201,1.0,0.0,0.0,0.0603393,,true
2018-08-08 09:47:43 +0000,1,OnehandedTouch,true,0.0,0.0,1.11653399467468,3.0,0.0,0.0,1.02004,,true
2018-08-08 09:47:46 +0000,1,OnehandedTouch,false,0.11506,0.0,3.66649496555328,1.0,0.0,0.0,0.0848633,,false
2018-08-08 09:47:48 +0000,1,OnehandedTouch,true,0.0,0.0,2.03350102901459,2.0,0.0,0.0,0.455656,,true
2018-08-08 09:47:51 +0000,1,OnehandedTouch,true,0.0,0.0,2.84846293926239,2.0,0.0,0.0,0.478733,,true
2018-08-08 09:47:55 +0000,1,OnehandedTouch,true,0.0,0.0,3.45212805271149,1.0,0.0,0.0,0.260339,,true
2018-08-08 09:47:56 +0000,1,OnehandedTouch,true,0.0,0.0,1.01611304283142,3.0,0.0,0.0,1.35789,,true
2018-08-08 09:47:57 +0000,1,OnehandedTouch,false,0.136772,0.0,1.66542398929596,1.0,0.0,0.0,0.338086,,false
2018-08-08 09:48:00 +0000,1,OnehandedTouch,true,0.0,0.0,2.88514411449432,1.0,0.0,0.0,0.179404,,true
2018-08-08 09:48:03 +0000,1,OnehandedTouch,true,0.0,0.0,3.04864609241486,1.0,0.0,0.0,0.0455286,,true
2018-08-08 09:48:05 +0000,1,OnehandedTouch,true,0.0,0.0,1.88455402851105,2.0,0.0,0.0,0.824332,,true
2018-08-08 09:48:07 +0000,1,OnehandedTouch,true,0.0,0.0,1.33349299430847,4.0,0.0,0.0,0.874233,,true
2018-08-08 09:48:08 +0000,1,OnehandedTouch,false,0.296147,0.0,1.64850795269012,2.0,0.0,0.0,0.988784,,false
2018-08-08 09:48:09 +0000,1,OnehandedTouch,true,0.0,0.0,1.18484902381897,1.0,0.0,0.0,0.120238,,true
2018-08-08 09:48:10 +0000,1,OnehandedTouch,true,0.0,0.0,1.00022399425507,1.0,0.0,0.0,0.0453448,,true
2018-08-08 09:48:15 +0000,1,OnehandedTouch,true,0.0,0.0,4.25027298927307,1.0,0.0,0.0,0.110716,,true
2018-08-08 09:48:17 +0000,1,OnehandedTouch,true,0.0,0.0,2.58370900154114,2.0,0.0,0.0,0.653293,,true
2018-08-08 09:48:18 +0000,1,OnehandedTouch,true,0.0,0.0,1.01624703407288,4.0,0.0,0.0,1.29693,,true
2018-08-08 09:48:20 +0000,1,OnehandedTouch,true,0.0,0.0,1.38552904129028,4.0,0.0,0.0,0.793431,,true
2018-08-08 09:48:21 +0000,1,OnehandedTouch,true,0.0,0.0,1.1146240234375,4.0,0.0,0.0,2.04897,,true
2018-08-08 09:48:27 +0000,1,OnehandedTouch,true,0.0,0.0,6.15083003044128,2.0,0.0,0.0,0.559391,,true
2018-08-08 09:48:30 +0000,1,OnehandedTouch,false,0.165586,0.0,2.94883501529694,1.0,0.0,0.0,0.0484632,,false
2018-08-08 09:48:32 +0000,1,OnehandedTouch,true,0.0,0.0,1.66629099845886,2.0,0.0,0.0,0.261588,,true
2018-08-08 09:48:34 +0000,1,OnehandedTouch,true,0.0,0.0,2.10007095336914,3.0,0.0,0.0,0.99588,,true
2018-08-08 09:48:35 +0000,1,OnehandedTouch,true,0.0,0.0,1.83335900306702,3.0,0.0,0.0,1.70096,,true
